タイトル,アーティスト,作品名,ジャンル,リンク
-Across the line-,小鳥遊六花(CV.内田真礼),中二病でも恋がしたい！,アニソン,
-LEGNE- 仇なす剣 光の旋律,Rosenburg Engel (神崎蘭子),アイドルマスター シンデレラガールズ,アイマス、デレマス,
-Zero,KARAKURI,Tokyo 7th シスターズ,ナナシス,
「ひとりで生きられそう」ってそれってねえ褒めているの,Juice=Juice,,ハロプロ、アイドル,
『バッハの旋律を夜に聴いたせいです。』,サカナクション,,邦ロック,
*** パショナート,野水いおり,これはゾンビですか? オブ・ザ・デッド,アニソン,
#カワイイって言って？,カレンチャン (CV.篠原侑),ウマ娘 プリティーダービー,ウマ娘,
∀NSWER,Individuals (早坂美玲、森久保乃々、星輝子),アイドルマスター シンデレラガールズ,アイマス、デレマス,
∞ライトレス,マンハッタンカフェ (CV.小倉唯),ウマ娘 プリティーダービー,ウマ娘,
△,パスピエ,,邦ロック,
♡桃色片想い♡,松浦亜弥,,ハロプロ、アイドル,
100％ちゅ〜学生,七森中☆ごらく部,ゆるゆり♪♪,アニソン,
10年桜,AKB48,,J-POP、アイドル,
12秒,HKT48,,J-POP、アイドル,
14歳のサマーソーダ,サンボンリボン,Tokyo 7th シスターズ,ナナシス,
14平米にスーベニア,久川凪 (CV: 立花日菜),アイドルマスター シンデレラガールズ,アイマス、デレマス,
2nd SIDE,神谷奈緒 (CV: 松井恵理子),アイドルマスター シンデレラガールズ,アイマス、デレマス,
36℃U・B・U,初星学園,学園アイドルマスター,アイマス、学マス,
366日,HY,,J-POP,
Absolute NIne,全員,アイドルマスター シンデレラガールズ,アイマス、デレマス,
After LIKE,IVE,,K-POP,
after school NAVIGATORS,にこりんぱな,ラブライブ！,ラブライブ！,
again,YUI,鋼の錬金術師,アニソン,
AIAIAI,Kizuna AI,,VTuber・Vsinger,
Airplane,IZ*ONE,,K-POP,
Almond Chocolate,ILLIT,,K-POP,
Alright！ハートキャッチプリキュア！,池田彩,ハートキャッチプリキュア!,アニソン、プリキュア,
always,全員,アイドルマスター シンデレラガールズ,アイマス、デレマス,
Angel Breeze,川島瑞樹 (CV: 東山奈央),アイドルマスター シンデレラガールズ,アイマス、デレマス,
Angelic Angel,μ's,ラブライブ！,ラブライブ！,
AOZORA TRAIN,SiSH,Tokyo 7th シスターズ,ナナシス,
around the world,m.o.v.e,頭文字D,アニソン,
B.A.A.B.,KARAKURI,Tokyo 7th シスターズ,ナナシス,
baby maybe 恋のボタン,μ's,ラブライブ！,ラブライブ！,
Baby Sweet Berry Love,小倉唯,変態王子と笑わない猫。,声優,
BAD GIRL,少女時代,,K-POP,
Be As One,w-inds.,FAIRY TAIL,アニソン,
beautifulさ,BiSH,,J-POP、アイドル,
Behind Moon,Le☆S☆Ca,Tokyo 7th シスターズ,ナナシス,
Believe in yourself,阿部真央,ベイビーステップ,アニソン,
Beware,IZ*ONE,,K-POP,
BEYOND THE STARLIGHT,全員,アイドルマスター シンデレラガールズ,アイマス、デレマス,
Biri-Biri,YOASOBI,ポケットモンスター スカーレット・バイオレット,J-POP、アニソン,
BLUE,ポルカドットスティングレイ,,邦ロック,
Booo!,西沢さんP,,ボカロ,
BOY,King Gnu,王様ランキング,邦ロック,
Boys be Ambitious!!,Hi-Fi CAMP,FAIRY TAIL,アニソン,
Brand new!,辻野あかり、砂塚あきら、桐生つかさ,アイドルマスター シンデレラガールズ,アイマス、デレマス,
Breakthrough,Going Under Ground,FAIRY TAIL,アニソン,
Bのリベンジ,B小町,【推しの子】,アニソン,
Café Parade!,Café Parade,アイドルマスター SideM,アイマス,
Cagayake!GIRLS,放課後ティータイム,けいおん！,アニソン,
Call Me Maybe,Carly Rae Jepsen,,洋楽,
Campus mode!!,初星学園,学園アイドルマスター,アイマス、学マス,
Can't Stop!!,片桐早苗 (CV: 和氣あず未),アイドルマスター シンデレラガールズ,アイマス、デレマス,
CANDY CANDY,きゃりーぱみゅぱみゅ,,J-POP,
CANDY MAGIC,みみめめMIMI,山田くんと7人の魔女,アニソン,
Candy Pop,TWICE,,K-POP,
Catch Catch,YENA,,K-POP,
CHA CHA SING,Berryz工房,,ハロプロ、アイドル,
Chai Maxx,ももいろクローバー,,J-POP、アイドル,
CHANGE!!!!,765PRO ALLSTARS,THE IDOLM@STER,アイマス,
CHE.R.RY,YUI,,J-POP,
CHEER UP,TWICE,,K-POP,
Chooseme♡ダーリン,StylipS,この中に1人妹がいる！,アニソン,
CHU-LIP,大塚愛,,J-POP,
City Angel,上坂すみれ,,声優,
CLICK,ClariS,ニセコイ,アニソン,
clumsy trick,初星学園,学園アイドルマスター,アイマス、学マス,
Cocoro Magical,777☆SISTERS,Tokyo 7th シスターズ,ナナシス,
colorful,9nine,,J-POP、アイドル,
Comeback Story V,ウマ娘,ウマ娘 プリティーダービー,ウマ娘,
comic cosmic,全員,アイドルマスター シンデレラガールズ,アイマス、デレマス,
Creamy&Spicy,大塚愛,,J-POP,
crossing field,LiSA,ソードアート・オンライン,アニソン,
Cry Baby,Official髭男dism,東京リベンジャーズ,邦ロック、ドラマ,
Cutie Panther,BiBi,ラブライブ！,ラブライブ！,
D-D-DANCE,IZ*ONE,,K-POP,
Dance The Night Away,TWICE,,K-POP,
Dance With Cinderella!,輝夜月,,VTuber・Vsinger,
Danceでバコーン!,°C-ute,,ハロプロ、アイドル,
DANZEN!ふたりはプリキュア,五條真由美,ふたりはプリキュア,アニソン、プリキュア,
DANZEN!ふたりはプリキュア （Ver. Max Heart）,五條真由美,ふたりはプリキュア Max Heart,アニソン、プリキュア,
Daydream Cafe,Petit Rabbit's,ご注文はうさぎですか？,アニソン,
Daydreamer,YUI,,J-POP,
daze,じん,メカクシティアクターズ,ボカロ,
DEAD OR LIE,黒崎真音 feat.TRUSTRICK,ダンガンロンパ3 -The End of 希望ヶ峰学園-,アニソン,
DENKOUSEKKA,ポルカドットスティングレイ,,邦ロック,
divine intervention,fhána,ウィッチクラフトワークス,邦ロック、アニソン,
divine intervention,fhána,ウィッチクラフトワークス,アニソン,
DOKIDOKIリズム,城ヶ崎莉嘉 (CV: 山本希望),アイドルマスター シンデレラガールズ,アイマス、デレマス,
don't cry anymore,miwa,,J-POP,
"Don't say ""lazy""",放課後ティータイム,けいおん！,アニソン,
Don’t think. Feel !!!,アイドリング!!!,FAIRY TAIL,アニソン,
DRAMATIC JOURNEY,ウマ娘,ウマ娘 プリティーダービー,ウマ娘,
Dream Goes On,春音あいら,プリティーリズム,アニソン,
dreamer,AiRI,TARI TARI,アニソン,
DRIVE A LIVE,315 STARS,アイドルマスター SideM,アイマス,
EASY LOVE,上坂すみれ,イジらないで、長瀞さん,声優,
ELEVEN,IVE,,K-POP,
ENDLESS DANCE,初星学園,学園アイドルマスター,アイマス、学マス,
EVERAFTER,全員,アイドルマスター シンデレラガールズ,アイマス、デレマス,
EVERLASTING,全員,アイドルマスター シンデレラガールズ,アイマス、デレマス,
EVERMORE,全員,アイドルマスター シンデレラガールズ,アイマス、デレマス,
Everyday、カチューシャ,AKB48,,J-POP、アイドル,
Evidence,Daisy×Daisy,FAIRY TAIL,アニソン,
FALLING DOWN,セブンシスターズ,Tokyo 7th シスターズ,ナナシス,
FANCY,TWICE,,K-POP,
Fantasia for the Girls,全員,アイドルマスター シンデレラガールズ,アイマス、デレマス,
Fantastic future,田村ゆかり,変態王子と笑わない猫。,声優,
Feel Special,TWICE,,K-POP,
FEELING AROUND,鈴木みのり,ラーメン大好き小泉さん,声優,
Fiesta,＋Plus,FAIRY TAIL,アニソン,
FIESTA,IZ*ONE,,K-POP,
Fighting My Way,初星学園,学園アイドルマスター,アイマス、学マス,
FLASH,Perfume,,J-POP,
Flip Flop,日野茜、高森藍子,アイドルマスター シンデレラガールズ,アイマス、デレマス,
Fluorite,初星学園,学園アイドルマスター,アイマス、学マス,
FREE,ポルカドットスティングレイ,,邦ロック,
From Noon Till Dawn ,ストレイテナー,勇者ヨシヒコと悪霊の鍵,邦ロック、ドラマ,
Frost,神谷奈緒、脇山珠美、上条春菜,アイドルマスター シンデレラガールズ,アイマス、デレマス,
ft.,FUNKIST,FAIRY TAIL,アニソン,
FUN☆FUN☆わんだふるDAYS！,石井あみ&後本萌葉,わんだふるぷりきゅあ！,アニソン、プリキュア,
FUNBAREZRUNNER,777☆SISTERS,Tokyo 7th シスターズ,ナナシス,
Future Diver,でんぱ組.inc,,J-POP、アイドル,
Gaze on Me!,ウマ娘,ウマ娘 プリティーダービー,ウマ娘,
Gee,少女時代,,K-POP,
GEMSTONE,全員,アイドルマスター シンデレラガールズ,アイマス、デレマス,
GENIE,少女時代,,K-POP,
Girls Talk‼︎,NI+CORA,Tokyo 7th シスターズ,ナナシス,
GIRLS’ LEGEND U,ウマ娘,ウマ娘 プリティーダービー,ウマ娘,
Give me some more…,アルストロメリア,シャイニーカラーズ,アイマス,
Glitter (Starving Trancer Remix),Another Infinity feat. Mayumi Morinaga,FAIRY TAIL,アニソン,
GLORIA,YUI,,J-POP,
Glorious Moment !,ナリタトップロード (CV.中村カンナ) 他,アニメ『ウマ娘 プリティーダービー Road to the Top』,ウマ娘,
GO GO サマー！,KARA,,K-POP,
Go Just Go!,全員,アイドルマスター シンデレラガールズ,アイマス、デレマス,
GO MY WAY!!,天海春香 (CV: 中村繪里子) 高槻やよい (CV: 仁後真耶子) 水瀬伊織 (CV: 釘宮理恵),THE IDOLM@STER,アイマス,
Go This Way,ウマ娘,ウマ娘 プリティーダービー,ウマ娘,
GO!GO!MANIAC,放課後ティータイム,けいおん！,アニソン,
GOCHISO様,ウマ娘,ウマ娘 プリティーダービー,ウマ娘,
GOIN'!!!,CINDERELLA PROJECT,アイドルマスター シンデレラガールズ,アイマス、デレマス,
Golden Time,堀江由衣,ゴールデンタイム,声優,
Good Time,Owl City & Carly Rae Jepsen,,洋楽,
Good-bye days,YUI,タイヨウのうた,J-POP、ドラマ,
Gossip Club,セクシーギャルズ,アイドルマスター シンデレラガールズ,アイマス、デレマス,
Great Journey,ニュージェネレーションズ,アイドルマスター シンデレラガールズ,アイマス、デレマス,
GSK☆,ウマ娘,ウマ娘 プリティーダービー,ウマ娘,
H-A-J-I-M-A-R-I-U-T-A-!!,777☆SISTERS,Tokyo 7th シスターズ,ナナシス,
H@ppy Togetherl!!,林桃子,フレッシュプリキュア!,アニソン、プリキュア,
HALLOWEEN GAME,白坂小梅、安倍菜々、五十嵐響子、久川凪、姫川友紀,アイドルマスター シンデレラガールズ,アイマス、デレマス,
Halloween♥Code,しゅがしゅが☆み〜ん、乙倉悠貴,アイドルマスター シンデレラガールズ,アイマス、デレマス,
HANABI,Mr.Children,コード・ブルー -ドクターヘリ緊急救命-,邦ロック,
Happy Days,大塚愛,,J-POP,
Happy maker!,μ's,ラブライブ！,ラブライブ！,
Happy New Yeah!,島村卯月、渋谷凛、本田未央、佐藤心、三村かな子,アイドルマスター シンデレラガールズ,アイマス、デレマス,
Happy×2 Days,CINDERELLA PROJECT,アイドルマスター シンデレラガールズ,アイマス、デレマス,
Happy☆てぃんくる,増山加弥乃 with ルビー＆ラブラ,ジュエルペット てぃんくる☆,アニソン、サンリオ,
HAPPYぱLUCKY,SoLaMi♡SMILE,プリパラ,アニソン,
HARURUNRUN,全員,アイドルマスター シンデレラガールズ,アイマス、デレマス,
Heart Pattern,桐崎千棘 (CV: 東山奈央),ニセコイ,アニソン,
Heart Shaker,TWICE,,K-POP,
Heart Voice,CINDERELLA PROJECT,アイドルマスター シンデレラガールズ,アイマス、デレマス,
HEARTRIS,NiziU,,J-POP,
HELLO,YUI,Paradise Kiss,アニソン,
Hello...my friend,4U,Tokyo 7th シスターズ,ナナシス,
HELP,愛美,,声優,
Hero too,KYOKA JIRO Starring Chrissy Costanza,僕のヒーローアカデミア,アニソン,
HEROES,Brian the Sun,僕のヒーローアカデミア,邦ロック,
Highlight,IZ*ONE,,K-POP,
HOLY SHINE,Daisy×Daisy,FAIRY TAIL,アニソン,
Honey Come‼︎,小倉唯,城下町のダンデライオン,声優,
Honey sweet tea time,放課後ティータイム,けいおん！,アニソン,
HOOT,少女時代,,K-POP,
Hotel Moonside,速水奏 (CV: 飯田友子),アイドルマスター シンデレラガールズ,アイマス、デレマス,
How crazy,YUI,,J-POP,
Hungry Bambi,結城晴、佐々木千枝、龍崎薫、市原仁奈、赤城みりあ,アイドルマスター シンデレラガールズ,アイマス、デレマス,
I AM,IVE,,K-POP,
I LOVE…,Official髭男dism,恋はつづくよどこまでも,邦ロック、ドラマ,
I Really Like You,Carly Rae Jepsen,,洋楽,
I remember you,YUI,,J-POP,
I Wish,Milky Bunny,FAIRY TAIL,アニソン,
I'll Like You,ILLIT,,K-POP,
ICHIDAIJI,ポルカドットスティングレイ,,邦ロック,
Inner Urge,上坂すみれ,下ネタという概念が存在しない退屈な世界,声優,
IRIS OUT,米津玄師,,J-POP,
IYKYK (If You Know You Know),ILLIT,,K-POP,
Jet to the Future,Rock the Beat (多田李衣菜、木村夏樹),アイドルマスター シンデレラガールズ,アイマス、デレマス,
Joker,Ember Last (松永涼、木村夏樹),アイドルマスター シンデレラガールズ,アイマス、デレマス,
Jumping!!,Rhodanthe*,きんいろモザイク,アニソン,
K,BUMP OF CHICKEN,,邦ロック,
KAWAII FESTIVAL,サンリオキャラクターズ,ピューロランド,サンリオ,
Kawaii make MY day!,メロウ・イエロー,アイドルマスター シンデレラガールズ,アイマス、デレマス,
KAWAIIウォーズ,"天海春香（中村繪里子）、水瀬伊織（釘宮理恵）、菊地真（平田宏美）、我那霸響（沼倉愛美）、安部
菜々（三宅麻理恵）、双葉杏（五十嵐裕美）、春日未来（山崎はる
か）、田中琴葉（種田梨沙）、大崎
甘奈（黒木ほの香）、大崎甜花（前
川涼子）、奥空心白（田中あい
み）、詩花（高橋李依）",アイドルマスターシリーズ,アイマス,
KICK BACK,米津玄師,チェンソーマン,アニソン,
KiRa-KiRa Sensation!,μ's,ラブライブ！,ラブライブ！,
KIRARI MAGIC SHOW,ウマ娘,ウマ娘 プリティーダービー,ウマ娘,
Kissing You,少女時代,,K-POP,
L.U.V,初星学園,学園アイドルマスター,アイマス、学マス,
Last Kiss,三船美優 (CV: 原田彩楓),アイドルマスター シンデレラガールズ,アイマス、デレマス,
last sparkle,上坂すみれ,,声優,
Laugh away,YUI,,J-POP,
Lemon,米津玄師,アンナチュラル,J-POP、ドラマ,
LET'S GO HAPPY!!,凸レーション (諸星きらり、赤城みりあ、城ヶ崎莉嘉),アイドルマスター シンデレラガールズ,アイマス、デレマス,
Let's go!スマイルプリキュア！,池田彩,スマイルプリキュア!,アニソン、プリキュア,
Let's Sail Away!!!,浅利七海、西園寺琴歌、八神マキノ,アイドルマスター シンデレラガールズ,アイマス、デレマス,
Let's!フレッシュプリキュア！,茂家瑞季,フレッシュプリキュア!,アニソン、プリキュア,
Like OOH-AHH,TWICE,,K-POP,
LIKEY,TWICE,,K-POP,
lilac time,相葉夕美 (CV: 木村珠莉),アイドルマスター シンデレラガールズ,アイマス、デレマス,
Listen to my heart!!,にこりんぱな,ラブライブ！,ラブライブ！,
Listen!!,放課後ティータイム,けいおん！,アニソン,
Little☆てぃんくる☆Star,増山加弥乃,ジュエルペット てぃんくる☆,アニソン、サンリオ,
LOSER,米津玄師,,J-POP,
lotus love,上坂すみれ,,声優,
LOVE & TRUTH,YUI,,J-POP,
LOVE AND DEVIL,4U,Tokyo 7th シスターズ,ナナシス,
LOVE CRAZY,上坂すみれ,イジらないで、長瀞さん 2nd Attack,声優,
Love marginal,Printemps,ラブライブ！,ラブライブ！,
LOVE VAMPIRE,9nine,,J-POP、アイドル,
Love＆Peace=パラダイス,真野恵里菜,キティズパラダイス,ハロプロ、アイドル,
Love∞Destiny,Masque:Rade,アイドルマスター シンデレラガールズ,アイマス、デレマス,
LOVE☆ハズカム,藤本里奈 (CV: 金子真由美),アイドルマスター シンデレラガールズ,アイマス、デレマス,
Lovely Fruit,水樹奈々,トリコ,声優,
Loveだよ☆ダーリン,月島きらり starring 久住小春,きらりん☆レボリューション,ハロプロ、アイドル,
LOVEマシーン,モーニング娘。,,ハロプロ、アイドル,
Lucky Girl Syndrome,ILLIT,,K-POP,
Lucky☆Lucky,4U,Tokyo 7th シスターズ,ナナシス,
Luna say maybe,初星学園,学園アイドルマスター,アイマス、学マス,
Lunatic Show,KBYD (輿水幸子、木村夏樹、白坂小梅、二宮飛鳥),アイドルマスター シンデレラガールズ,アイマス、デレマス,
M@GIC☆,CINDERELLA PROJECT,アイドルマスター シンデレラガールズ,アイマス、デレマス,
Magic of Love,Perfume,,J-POP,
MAGICAL DESTROYER,愛美,魔法少女マジカルデストロイヤーズ,声優,
Magnetic,ILLIT,,K-POP,
Majoram Therapie,ももいろクローバーZ、アイドルマスター シンデレラガールズ,アイドルマスター シンデレラガールズ,アイマス、デレマス,
Make debut!,スピカ [スペシャルウィーク (CV.和氣あず未) 他],TVアニメ『ウマ娘 プリティーダービー』,ウマ娘,
Make you happy,NiziU,,J-POP,
MASAYUME CHASING,BoA,FAIRY TAIL,アニソン、J-POP,
MATATABISTEP,パスピエ,,邦ロック,
MAX！乙女心,SUPER☆GiRLS,,J-POP、アイドル,
Maybe,Brian the Sun,甘々と稲妻,邦ロック,
mellow mellow,アルストロメリア,シャイニーカラーズ,アイマス,
MELODY IN THE POCKET,777☆SISTERS,Tokyo 7th シスターズ,ナナシス,
Memories,LOVE LAIKA,アイドルマスター シンデレラガールズ,アイマス、デレマス,
Mermaid festa vol.1,μ's,ラブライブ！,ラブライブ！,
MESSAGE,上坂すみれ,,声優,
Mind Conductor,YURiKA,リトルウィッチアカデミア,アニソン,
MOON NIGHTのせいにして,DRAMATIC STARS,アイドルマスター SideM,アイマス,
MOTTO!,全員,アイドルマスター シンデレラガールズ,アイマス、デレマス,
Move on now!,わか・りすこ,アイカツ！,アニソン,
Mr.,KARA,,K-POP,
MR.TAXI,少女時代,,K-POP,
Music S.T.A.R.T!!,μ's,ラブライブ！,ラブライブ！,
My Generation,YUI,,J-POP,
My sunshine,ROCK'A'TRENCH,メイちゃんの執事,ドラマ,
Naked Romance,小日向美穂 (CV: 津田美波),アイドルマスター シンデレラガールズ,アイマス、デレマス,
Namidairo,YUI,,J-POP,
Nation Blue,渋谷凛、高垣楓、神崎蘭子、多田李衣菜、新田美波,アイドルマスター シンデレラガールズ,アイマス、デレマス,
Near to You,全員,アイドルマスター シンデレラガールズ,アイマス、デレマス,
NEMONEMO,YENA,,K-POP,
Never say never,渋谷凛 (CV: 福原綾香),アイドルマスター シンデレラガールズ,アイマス、デレマス,
New bright stars,全員,アイドルマスター シンデレラガールズ,アイマス、デレマス,
Night Time Wander,全員,アイドルマスター シンデレラガールズ,アイマス、デレマス,
Nightwear,Lipps,アイドルマスター シンデレラガールズ,アイマス、デレマス,
No brand girls,μ's,ラブライブ！,ラブライブ！,
No.1,DISH//,僕のヒーローアカデミア,アニソン,
NO.Thank You!,放課後ティータイム,けいおん！,アニソン,
nonstop road,スフィア,夏色キセキ,アニソン,
Nothing but You,NEXUS,アイドルマスター シンデレラガールズ,アイマス、デレマス,
O-Ku-Ri-Mo-No Sunday!,miroir (久川凪、久川颯),アイドルマスター シンデレラガールズ,アイマス、デレマス,
Oh Love&Peace!,μ's,ラブライブ！,ラブライブ！,
OH MYシュガーフィーリング‼︎,竹達彩奈,だがしかし2,声優,
Oh!,少女時代,,K-POP,
One More Time,TWICE,,K-POP,
One・Two・Three,モーニング娘。,,ハロプロ、アイドル,
only my railgun,fripSide,とある科学の超電磁砲,アニソン,
ORANGE RIUM,でんぱ組.inc,,J-POP、アイドル,
Orange Sapphire,城ヶ崎莉嘉、諸星きらり、城ヶ崎美嘉、本田未央、赤城みりあ,アイドルマスター シンデレラガールズ,アイマス、デレマス,
OTAHEN アンセム,夢見りあむ (CV: 星希成奏),アイドルマスター シンデレラガールズ,アイマス、デレマス,
Over The Future,可憐Girl's,絶対可憐チルドレン,アニソン,
ØωØver!!,* (Asterisk) ,アイドルマスター シンデレラガールズ,アイマス、デレマス,
Palette,P.C.S,アイドルマスター シンデレラガールズ,アイマス、デレマス,
Panorama,IZ*ONE,,K-POP,
PAPARAZZI,少女時代,,K-POP,
Party‼︎,緑黄色社会,ダンジョン飯,邦ロック、アニソン,
PEACH,大塚愛,,J-POP,
POP IN 2,B小町,【推しの子】,アニソン,
POP TEAM EPIC,上坂すみれ,ポプテピピック,声優,
Pretender,Official髭男dism,コンフィデンスマンJP,邦ロック、ドラマ,
Pretty,IZ*ONE,,K-POP,
Pretty Liar,ミステリアスアイズ (速水奏、高垣楓),アイドルマスター シンデレラガールズ,アイマス、デレマス,
PRIZM♪RIZM,WITCH NUMBER 4,Tokyo 7th シスターズ,ナナシス,
Q&Aリサイタル,戸松遥,となりの怪物くん,声優,
R.P.G.〜Rockin’ Playing Game,SuG,FAIRY TAIL,アニソン,
Radio Happy,大槻唯 (CV: 山下七海),アイドルマスター シンデレラガールズ,アイマス、デレマス,
Rage your dream,m.o.v.e,頭文字D,アニソン,
Rain〜雨に打たれて〜,キャナァーリ倶楽部,,ハロプロ、アイドル,
Re:,9nine,,J-POP、アイドル,
Re:Re:,ASIAN KUNG-FU GENERATION,僕だけがいない街,邦ロック、アニソン,
Re:Re:,ASIAN KUNG-FU GENERATION,僕だけがいない街,邦ロック,
Ready Steady GO!,水瀬いのり,,声優,
READY!!,765PRO ALLSTARS,THE IDOLM@STER,アイマス,
Ready!! Steady!! Derby!!,ジャングルポケット (CV.藤本侑里) 他,劇場版『ウマ娘 プリティーダービー 新時代の扉』,ウマ娘,
Reason!!,315 STARS,アイドルマスター SideM,アイマス,
ReSTARTHING!!,愛美,,声優,
Rockin' Emotion,木村夏樹 (CV: 安野希世乃),アイドルマスター シンデレラガールズ,アイマス、デレマス,
Rolling star,YUI,BLEACH,アニソン,
Romantic Now,赤城みりあ (CV: 黒沢ともよ),アイドルマスター シンデレラガールズ,アイマス、デレマス,
running in the 90s,Max Coveri,頭文字D,洋楽、アニソン,
S.O.W. センスオブワンダー,アイドリング!!!,FAIRY TAIL,アニソン,
S.S,パスピエ,,邦ロック,
S(mile)ING!,島村卯月 (CV: 大橋彩香),アイドルマスター シンデレラガールズ,アイマス、デレマス,
SAKURA,WITCH NUMBER 4,Tokyo 7th シスターズ,ナナシス,
SAKURA,いきものがかり,,J-POP,
secret base 〜君がくれたもの〜,ZONE,あの日見た花の名前を僕達はまだ知らない。,邦ロック、アニソン,
Secret Story of the Swan,IZ*ONE,,K-POP,
Sequence,IZ*ONE,,K-POP,
SEVENTH HAVEN,セブンシスターズ,Tokyo 7th シスターズ,ナナシス,
shabon song,小日向美穂、城ヶ崎美嘉,アイドルマスター シンデレラガールズ,アイマス、デレマス,
Shake It Off,Taylor Swift,,洋楽,
Shine In The Sky☆,U149,アイドルマスター シンデレラガールズ,アイマス、デレマス,
Shine!!,CINDERELLA PROJECT,アイドルマスター シンデレラガールズ,アイマス、デレマス,
Shiny Ray,YURiKA,リトルウィッチアカデミア,アニソン,
Shout Baby,緑黄色社会,僕のヒーローアカデミア,邦ロック、アニソン,
SIGNAL,TWICE,,K-POP,
Signalize!,わか・ふうり・すなお・りすこ,アイカツ！,アニソン,
Singing!,放課後ティータイム,けいおん！,アニソン,
SMARTPHONE -JAPANESE VER.-,YENA,,K-POP,
SMILEY (feat. BIBI),YENA,,K-POP,
SMILY,大塚愛,,J-POP,
SMOKY THRILL,竜宮小町,THE IDOLM@STER,アイマス,
Snow fairy,FUNKIST,FAIRY TAIL,アニソン,
Snow halation,μ's,ラブライブ！,ラブライブ！,
"Snow in ""I love you""",777☆SISTERS,Tokyo 7th シスターズ,ナナシス,
Snow Wings,島村卯月、渋谷凛、本田未央、大槻唯、上条春菜,アイドルマスター シンデレラガールズ,アイマス、デレマス,
Snow＊Love,市原仁奈、及川雫、大槻唯、高森藍子、依田芳乃,アイドルマスター シンデレラガールズ,アイマス、デレマス,
SOMEONE ELSE,種島ぽぷら、伊波まひる、轟八千代,WORKING!!,アニソン,
Something That I Want,Grace Potter,塔の上のラプンツェル,洋楽、ディズニー,
SOS,黛冬優子(幸村恵理),シャイニーカラーズ,アイマス,
SPACESHIP,IZ*ONE,,K-POP,
Sparklez Time!!,セブンシスターズ,Tokyo 7th シスターズ,ナナシス,
Sparkling Daydream,ZAQ,中二病でも恋がしたい！,アニソン,
Sparkling Daydream,ZAQ,中二病でも恋がしたい！,アニソン,
SPY,上坂すみれ,,声優,
Stage Bye Stage,全員,アイドルマスター シンデレラガールズ,アイマス、デレマス,
Stand By You,Official髭男dism,,邦ロック,
Star!!,CINDERELLA PROJECT,アイドルマスター シンデレラガールズ,アイマス、デレマス,
STAR☆T☆RAIN,B小町,【推しの子】,アニソン,
STARLIGHT CELEBRATE!,DRAMATIC STARS,アイドルマスター SideM,アイマス,
Starry-Go-Round,全員,アイドルマスター シンデレラガールズ,アイマス、デレマス,
START:DASH!!,μ's,ラブライブ！,ラブライブ！,
Starz Glitter,セブンシスターズ,Tokyo 7th シスターズ,ナナシス,
STAY&GOLD,777☆SISTERS,Tokyo 7th シスターズ,ナナシス,
STEP,ClariS,ニセコイ,アニソン,
Step and a step,NiziU,,J-POP,
STORY,渋谷凛、島村卯月、本田未央、神谷奈緒、北条加蓮,アイドルマスター シンデレラガールズ,アイマス、デレマス,
Study Equal Magic!,S.E.M,アイドルマスター SideM,アイマス,
SUGAO-flavor,月島きらり starring 久住小春,きらりん☆レボリューション,ハロプロ、アイドル,
SUMMER SONG,YUI,,J-POP,
Sun! High! Gold!,全員,アイドルマスター シンデレラガールズ,アイマス、デレマス,
SUN♡FLOWER,ポジティブパッション,アイドルマスター シンデレラガールズ,アイマス、デレマス,
sweet&sweet CHERRY,堀江由衣,ゴールデンタイム,声優,
sweet&sweet holiday,Printemps,ラブライブ！,ラブライブ！,
Switch On My Heart,天宮りずむ,プリティーリズム,アニソン,
TAIDADA,ずっと真夜中でいいのに。,ダンダダン,J-POP、アニソン,
TAKAMARI☆CLIMAXXX!!!!!,全員,アイドルマスター シンデレラガールズ,アイマス、デレマス,
Take a picture,NiziU,,J-POP,
Take me☆Take you,THE IDOLM@STER CINDERELLA GIRLS,アイドルマスター シンデレラガールズ,アイマス、デレマス,
Tame-Lie-One-Step,初星学園,学園アイドルマスター,アイマス、学マス,
Teeenage☆Groovin',全員,アイドルマスター シンデレラガールズ,アイマス、デレマス,
The Rock City Boy,JAMIL,FAIRY TAIL,アニソン,
The Rolling Riceball,初星学園,学園アイドルマスター,アイマス、学マス,
THE VILLAIN'S NIGHT,全員,アイドルマスター シンデレラガールズ,アイマス、デレマス,
The♡World's♡End,堀江由衣,ゴールデンタイム,声優,
Tick-Tack,ILLIT,,K-POP,
To my darling...,幸子、輝子、美玲,アイドルマスター シンデレラガールズ,アイマス、デレマス,
TOKIMEKIエスカレート,城ヶ崎美嘉 (CV: 佳村はるか),アイドルマスター シンデレラガールズ,アイマス、デレマス,
Touch off,UVERworld,約束のネバーランド,アニソン、邦ロック,
Trancing Pulse,Triad Primus,アイドルマスター シンデレラガールズ,アイマス、デレマス,
transforming,サイレンススズカ (CV.高野麻里佳)・アグネスタキオン (CV.上坂すみれ),ウマ娘 プリティーダービー,ウマ娘,
TREAT OR TREAT?,4U,Tokyo 7th シスターズ,ナナシス,
Trinity Field,Triad Primus,アイドルマスター シンデレラガールズ,アイマス、デレマス,
TRUE COLORS,全員,アイドルマスター シンデレラガールズ,アイマス、デレマス,
Trust me,全員,アイドルマスター シンデレラガールズ,アイマス、デレマス,
TT,TWICE,,K-POP,
Tulip,LiPPS,アイドルマスター シンデレラガールズ,アイマス、デレマス,
Twilight Sky,多田李衣菜 (CV: 青木瑠璃子),アイドルマスター シンデレラガールズ,アイマス、デレマス,
TWILIGHT!!!,King Gnu,,邦ロック,
Twin☆くるっ★テール,ファミリアツイン (城ヶ崎美嘉、城ヶ崎莉嘉),アイドルマスター シンデレラガールズ,アイマス、デレマス,
U.M.A. NEW WORLD!!,ウマ娘,ウマ娘 プリティーダービー,ウマ娘,
U&I,放課後ティータイム,けいおん！,アニソン,
UFO,ピンク・レディー,,J-POP、昭和,
UNDEAD,YOASOBI,〈物語〉シリーズ オフ&モンスターシーズン,アニソン,
Utauyo!!MIRACLE,放課後ティータイム,けいおん！,アニソン,
VOICE,Perfume,,J-POP,
VOY@GER,THE IDOLM@STER FIVE STARS!!!!!,アイドルマスターシリーズ,アイマス,
W.W.D,でんぱ組.inc,,J-POP、アイドル,
Watch me!,YOASOBI,,J-POP,
We Are Never Ever Getting Back Together,Taylor Swift,,洋楽,
We're the friends!,全員,アイドルマスター シンデレラガールズ,アイマス、デレマス,
We’re the stars,愛美,FAIRY TAIL,アニソン,
What is LOVE?,モーニング娘。,,ハロプロ、アイドル,
What is Love?,TWICE,,K-POP,
WHEN CAN I SEE YOU AGAIN?,Owl City,シュガー・ラッシュ,洋楽、ディズニー,
Winning Day,KARAKURI,Tokyo 7th シスターズ,ナナシス,
winning the soul,トウカイテイオー (CV.Machico) 他,ウマ娘 プリティーダービー,ウマ娘,
WINTER and WINDOW,全員,アイドルマスター シンデレラガールズ,アイマス、デレマス,
Wish you Happiness!!,全員,アイドルマスター シンデレラガールズ,アイマス、デレマス,
With Love,全員,アイドルマスター シンデレラガールズ,アイマス、デレマス,
Wonder zone,μ's,ラブライブ！,ラブライブ！,
Wonderful Rush,μ's,ラブライブ！,ラブライブ！,
X次元へようこそ,やくしまるえつこ,スペース☆ダンディ,アニソン,
YELLOW,Le☆S☆Ca,Tokyo 7th シスターズ,ナナシス,
YES or YES,TWICE,,K-POP,
Yes! Party Time!!,全員,アイドルマスター シンデレラガールズ,アイマス、デレマス,
YES/NO,パスピエ,,邦ロック,
You Belong With Me,Taylor Swift,,洋楽,
You Can't Win,NI+CORA,Tokyo 7th シスターズ,ナナシス,
You make me happy!,林桃子,フレッシュプリキュア!,アニソン、プリキュア,
You May Dream,LISP,プリティーリズム,アニソン,
You're stars shine on me,アナスタシア (CV: 上坂すみれ),アイドルマスター シンデレラガールズ,アイマス、デレマス,
ZERO!!,栗林みな実,はたらく魔王さま!,アニソン,
Zzz,佐咲紗花,日常,アニソン,
Z女戦争,ももいろクローバーZ,,J-POP、アイドル,
Z伝説〜終わりなき革命〜,ももいろクローバーZ,,J-POP、アイドル,
あ・の・ね・が・ん・ば・れ!,lily white,ラブライブ！,ラブライブ！,
あぁいいな！,W(ダブルユー),ドラえもん,ハロプロ、アイドル,
あいがたりない,バーチャルリアル,,VTuber・Vsinger,
あいくるしい,佐久間まゆ、小早川紗枝、水本ゆかり、三村かな子、速水奏,アイドルマスター シンデレラガールズ,アイマス、デレマス,
アイコトバ,Ci+LUS,Tokyo 7th シスターズ,ナナシス,
アイデンティティ,サカナクション,,邦ロック,
アイドル,YOASOBI,【推しの子】,J-POP、アニソン,
アイのシナリオ,CHiCO with HoneyWorks,まじっく快斗1412,アニソン,
アイノヨカン,神のみぞ知り隊,神のみぞ知るセカイ,アニソン,
アイノヨカン,神のみぞ知り隊,神のみぞ知るセカイ,アニソン,
アイム・ア・リトル・プリンセス ～お星さまにお願い～,古賀小春 (CV: 小森結梨),アイドルマスター シンデレラガールズ,アイマス、デレマス,
アウターモスト -超自然恋愛-,上坂すみれ,,声優,
アカシア,BUMP OF CHICKEN,ポケモン,邦ロック,
あきの日,パスピエ,,邦ロック,
アジアン,パスピエ,,邦ロック,
アタシポンコツアンドロイド,双葉杏、前川みく、島村卯月、小日向美穂、安部菜々,アイドルマスター シンデレラガールズ,アイマス、デレマス,
あたしを彼女にしたいなら,コレサワ,,J-POP,
あっちでこっちで,あっちこっち,あっちこっち,アニソン,
アッパレ♪Mahara★Japaaan!,片桐早苗、及川雫、堀裕子,アイドルマスター シンデレラガールズ,アイマス、デレマス,
アップルパイ・プリンセス,十時愛梨 (CV: 原田ひとみ),アイドルマスター シンデレラガールズ,アイマス、デレマス,
アドベンチャー,YOASOBI,ユニバーサル・スタジオ・ジャパン,J-POP,
アナタボシ,MilkyWay,きらりん☆レボリューション,ハロプロ、アイドル,
あの子が街に来なサンタ,大槻唯、安部菜々、島村卯月,アイドルマスター シンデレラガールズ,アイマス、デレマス,
あの子シークレット,Eve,,J-POP,
アユミ☆マジカルショータイム,キノシタ,,ボカロ,
あんきら！？狂騒曲,HappyHappyTwin (双葉杏、諸星きらり),アイドルマスター シンデレラガールズ,アイマス、デレマス,
アンサー,パスピエ,,邦ロック,
あんずのうた,双葉杏 (CV: 五十嵐裕美),アイドルマスター シンデレラガールズ,アイマス、デレマス,
アンダー・ザ・シー,Samuel E. Wright,リトル・マーメイド,ディズニー,
アンチテーゼ・エスケイプ,上坂すみれ,URAHARA,声優,
アンパンマンたいそう,ドリーミング,それいけ!アンパンマン,アニソン,
アンパンマンのマーチ,ドリーミング,それいけ!アンパンマン,アニソン,
イーアル！キョンシー feat.好好！キョンシーガール,9nine,好好！キョンシーガール,ドラマ、J-POP、アイドル,
いーあるふぁんくらぶ,みきとP,,ボカロ,
イーリャンサンキュー,及川雫、浜口あやめ、脇山珠美,アイドルマスター シンデレラガールズ,アイマス、デレマス,
イエイ！イエイ！イエイ！,吉田仁美,スマイルプリキュア!,アニソン、プリキュア,
いぇす！ゆゆゆ☆ゆるゆり♪♪,七森中☆ごらく部,ゆるゆり♪♪,アニソン,
イガク,原口沙輔,,ボカロ,
いける、いける！,9nine,,J-POP、アイドル,
イシュカンコミニュケーション,ちょろゴンず,小林さんちのメイドラゴン,アニソン,
いちごパフェが止まらない,放課後ティータイム,けいおん！,アニソン,
イチブトゼンブ,B'z,ブザー・ビート,ドラマ、J-POP,
いつかの、いくつかのきみとのせかい,fhána,僕らはみんな河合荘,アニソン,
いつか王子様が,アドリアナ・カセロッティ,白雪姫,ディズニー,
いとしーさー♥,輿水幸子、多田李衣菜、藤原肇、水瀬伊織、森久保乃々,アイドルマスター シンデレラガールズ,アイマス、デレマス,
イリュージョニスタ！,本田未央、佐久間まゆ、鷺沢文香、輿水幸子、新田美波,アイドルマスター シンデレラガールズ,アイマス、デレマス,
インキャインパルス,本田華子、オリヴィア、野村香純,あそびあそばせ,アニソン,
イントゥ・ジ・アンノウン,松たか子 / Idina Menzel,アナと雪の女王2,ディズニー,
インフェルノ,Mrs. GREEN APPLE,炎炎ノ消防隊,邦ロック,
インベーダーインベーダー,きゃりーぱみゅぱみゅ,,J-POP,
ヴァンパイア,DECO*27,,ボカロ,
ヴィーナスシンドローム,新田美波 (CV: 洲崎綾),アイドルマスター シンデレラガールズ,アイマス、デレマス,
ウィッチ☆アクティビティ,KMM団,ウィッチクラフトワークス,アニソン,
ウィンターマジック,KARA,,K-POP,
うい麦畑でつかまえて,しぐれうい,,VTuber・Vsinger,
ウエサカダイナミック,上坂すみれ,,声優,
うえるかむ・はぴきらパーク！,もふもふえん,アイドルマスター SideM,アイマス,
ウマすぎ！グルメパレード,ウマ娘,ウマ娘 プリティーダービー,ウマ娘,
うまぴょい伝説,ウマ娘,ウマ娘 プリティーダービー,ウマ娘,
うるとらみらくるふぁいなるアルティメットチョコびーむ,わーすた,,J-POP、アイドル,
ウン・ポコ・ロコ,石橋陽彩,リメンバー・ミー,ディズニー,
エヴリデイドリーム,佐久間まゆ (CV: 牧野由依),アイドルマスター シンデレラガールズ,アイマス、デレマス,
エガオノマホウ,Magic Party,FAIRY TAIL,アニソン,
エレクトリック・パブリック,ポルカドットスティングレイ,,邦ロック,
オ・モ・イアプローチ,NI+CORA,Tokyo 7th シスターズ,ナナシス,
オーバーマスター,星井美希(長谷川明子)、我那覇響(沼倉愛美)、四条貴音(原由実),THE IDOLM@STER,アイマス,
おかえり,絢香,絶対彼氏,ドラマ、J-POP,
おとせサンダー,ぼっちぼろまる,,J-POP,
オトナモード,みき・みほ from AIKATSU☆STARS!,アイカツ！,アニソン,
オトメロディー,高橋美佳子,おねがいマイメロディ,アニソン、サンリオ,
おねえちゃんデスコ,市原仁奈 (CV: 久野美咲),アイドルマスター シンデレラガールズ,アイマス、デレマス,
おねだり Shall We ～？,前川みく (CV: 高森奈津美),アイドルマスター シンデレラガールズ,アイマス、デレマス,
おひるねゆにばーす,七森中☆ごらく部,ゆるゆり なちゅやちゅみ！,アニソン,
オヤマトペ♪,棟方愛海 (CV: 藤本彩花),アイドルマスター シンデレラガールズ,アイマス、デレマス,
オリジナルスター★ミ,わか・ふうり・すなお,アイカツ！,アニソン,
オレンジタイム,142's (輿水幸子、白坂小梅、星輝子),アイドルマスター シンデレラガールズ,アイマス、デレマス,
おんなじキモチ,東京女子流,はなかっぱ,アニソン,
おんなの道は星の道,村上巴 (CV: 花井美春),アイドルマスター シンデレラガールズ,アイマス、デレマス,
オンリーワンダー,フレデリック,,邦ロック,
お願い！シンデレラ,CINDERELLA PROJECT,アイドルマスター シンデレラガールズ,アイマス、デレマス,
お願い☆My Boy,SiSH,Tokyo 7th シスターズ,ナナシス,
お願いダーリン,ナナホシ管弦楽団,,ボカロ,
お願いマッスル,紗倉ひびき&街雄鳴造,ダンベル何キロ持てる？,アニソン,
お散歩カメラ,高森藍子 (CV: 金子有希),アイドルマスター シンデレラガールズ,アイマス、デレマス,
ガールズ・イン・ザ・フロンティア,渋谷凛、早坂美玲、木村夏樹、小日向美穂、塩見周子,アイドルマスター シンデレラガールズ,アイマス、デレマス,
がおちゅー♪さふぁりぱーく！,市原仁奈 (CV: 久野美咲),アイドルマスター シンデレラガールズ,アイマス、デレマス,
かくしん的☆めたまるふぉ〜ぜ,土間うまる,干物妹！うまるちゃん,アニソン,
かなしいうれしい,フレデリック,恋と嘘,邦ロック、アニソン,
かなしいうれしい,フレデリック,恋と嘘,邦ロック,
カブトムシ,aiko,,J-POP,
かぼちゃ姫,白坂小梅、久川凪、関裕美、森久保乃々、依田芳乃,アイドルマスター シンデレラガールズ,アイマス、デレマス,
カミイロアワセ,binaria,ダンガンロンパ3 -The End of 希望ヶ峰学園-,アニソン,
からくりピエロ,40mP,,ボカロ,
からっぽカプセル,内田真礼,アニソンで分かる心療内科,声優,
カルマ,BUMP OF CHICKEN,テイルズ オブ ジ アビス,邦ロック,
カレーのちライス,放課後ティータイム,けいおん！,アニソン,
カレンダーガール,わか・ふうり・すなお,アイカツ！,アニソン,
カロン,ねごと,,J-POP、邦ロック,
ガンバランスdeダンス,五條真由美,ふたりはプリキュア Splash Star,アニソン、プリキュア,
ガンバランスdeダンス～希望のリレー～,キュア・カルテット,Yes!プリキュア5GoGo!,アニソン、プリキュア,
ガンバランスdeダンス～夢見る奇跡たち〜,工藤真由,Yes!プリキュア5,アニソン、プリキュア,
カンパリーナ♡,Sherry 'n Cherry,ミリオンライブ！,アイマス,
き・ま・ぐ・れ☆Café au lait!,宮本フレデリカ (CV: 髙野麻美),アイドルマスター シンデレラガールズ,アイマス、デレマス,
ギー太に首ったけ,平沢唯(豊崎愛生),けいおん！,アニソン,
キス・ザ・ガール,サミュエル・E・ライト,リトル・マーメイド,ディズニー,
キボウレインボウ,池田彩,スイートプリキュア♪,アニソン、プリキュア,
ギミー!レボリューション,内田真礼,俺、ツインテールになります。,声優,
キミがくれたもの,工藤静香,FAIRY TAIL,アニソン,
ギミギミ,りぶ 苺子 譜風 十景 ゆき,真夜中ぱんチ,アニソン,
キミじゃなきゃダメみたい,オーイシマサヨシ,月刊少女野崎くん,アニソン,
キミとセミブルー,初星学園,学園アイドルマスター,アイマス、学マス,
キミと夏フェス,SHISHAMO,,J-POP,
キミに100パーセント,きゃりーぱみゅぱみゅ,クレヨンしんちゃん,アニソン,
きみにいっぱい☆,市原仁奈、一ノ瀬志希、宮本フレデリカ,アイドルマスター シンデレラガールズ,アイマス、デレマス,
キミのくせに!,lily white,ラブライブ！,ラブライブ！,
きみわずらい,まねきケチャ,,J-POP、アイドル,
ギュっとMilky Way,ドリームアウェイ (佐久間まゆ、喜多日菜子),アイドルマスター シンデレラガールズ,アイマス、デレマス,
きゅん・きゅん・まっくす,一ノ瀬志希、乙倉悠貴、関裕美、多田李衣菜、水本ゆかり,アイドルマスター シンデレラガールズ,アイマス、デレマス,
きゅんっ!ヴァンパイアガール,765PRO ALLSTARS,THE IDOLM@STER,アイマス,
ギョーてん！しーわーるど！,浅利七海 (CV: 井上ほの花),アイドルマスター シンデレラガールズ,アイマス、デレマス,
ギラギラ,Ado,,J-POP,https://youtu.be/sOiMD45QGLs?si=4ZIqUQhVsl1LkWMW
キラキラしちゃってMy True Love！,宮本佳那子,Yes!プリキュア5,アニソン、プリキュア,
キラッ！満開スマイル,島村卯月、小日向美穂、佐久間まゆ、櫻井桃華、双葉杏,アイドルマスター シンデレラガールズ,アイマス、デレマス,
キラリ☆彡スター☆トゥインクルプリキュア,北川理恵,スター☆トゥインクルプリキュア,アニソン、プリキュア,
キルミーのベイベー,やすなとソーニャ,キルミーベイベー,アニソン,
キルミーのベイベー!,やすなとソーニャ,キルミーベイベー,アニソン,
ギンガムチェック,AKB48,,J-POP、アイドル,
くちづけ Diamond,WEAVER,山田くんと7人の魔女,邦ロック,
グピドゥレビュー,悠木碧,彼女、お借りします,声優,
クラクラ,Ado,SPY×FAMILY,アニソン,https://www.youtube.com/watch?v=W_fHWaoQwkw
クリスマスソング,back number,5→9〜私に恋したお坊さん〜,ドラマ、J-POP,
グリズリーに襲われたら♡,神宿,,J-POP、アイドル,
クレイジークレイジー,レイジー・レイジー (一ノ瀬志希、宮本フレデリカ),アイドルマスター シンデレラガールズ,アイマス、デレマス,
クロイヒトミ,クロミ,,アニソン,
クロミパンク’06,クロミ,おねがいマイメロディ,アニソン,
ゲッチュウ！らぶらぶう？！,五條真由美,ふたりはプリキュア,アニソン、プリキュア,
ケロッ!とマーチ,角田信朗＆えるな,ケロロ軍曹,アニソン,
げんし、女子は、たいようだった。,上坂すみれ,げんしけん二代目,声優,
コイ♡クル,黒木マリナ,おねがいマイメロディ 〜くるくるシャッフル!〜,アニソン、サンリオ,
ゴーゴー幽霊船,米津玄師,,J-POP,
ゴキゲンParty Night,CINDERELLA PROJECT,アイドルマスター シンデレラガールズ,アイマス、デレマス,
ココ☆ナツ,ももいろクローバー,,J-POP、アイドル,
コズミック☆ミステリー☆ガール,ユニ(上坂すみれ),スター☆トゥインクルプリキュア,アニソン、プリキュア,
コットンキャンディえいえいおー！,黒澤ルビィ(降幡愛),ラブライブ！サンシャイン!!,アニソン,
コネクト,ClariS,魔法少女まどか☆マギカ,アニソン,
コネクト,ClariS,魔法少女まどか☆マギカ,アニソン,
この恋の解を答えなさい,河瀬茉希、富田美憂,アイドルマスター シンデレラガールズ,アイマス、デレマス,
ごはんはおかず,放課後ティータイム,けいおん！,アニソン,
ごめんね、私。,中島愛,FAIRY TAIL,アニソン,
これからのSomeday,μ's,ラブライブ！,ラブライブ！,
ご機嫌サヨナラ,IZ*ONE,,K-POP,
サ・ヨ・ナ・ラ Summer Holiday,S.E.M,アイドルマスター SideM,アイマス,
サイケデリック純情,上坂すみれ,,声優,
サインはB,B小町,【推しの子】,アニソン,
サインはB,B小町,【推しの子】,アニソン,
サクラあっぱれーしょん,でんぱ組.inc,,J-POP、アイドル,
さくらんぼ,大塚愛,,J-POP,
ささのはに、うたかたに。,夕美、肇、芳乃、歌鈴、あやめ,アイドルマスター シンデレラガールズ,アイマス、デレマス,
サマーサイダー,久川颯、乙倉悠貴,アイドルマスター シンデレラガールズ,アイマス、デレマス,
サマカニ!!,サマプリ (川島瑞樹、日野茜、堀裕子、上田鈴帆、難波笑美),アイドルマスター シンデレラガールズ,アイマス、デレマス,
さよならアンドロメダ,渋谷凛、森久保乃々、大石泉,アイドルマスター シンデレラガールズ,アイマス、デレマス,
さよならレイニーレイディ,SiSH,Tokyo 7th シスターズ,ナナシス,
サラバ、愛しき悲しみたちよ,ももいろクローバーZ,,J-POP、アイドル,
サレンダー,ポルカドットスティングレイ,,邦ロック,
サンタさん,ももいろクローバーZ,,J-POP、アイドル,
サンバ de トリコ!!!,ヒャダイン,トリコ,アニソン,
シアワセ☆ハイテンション↑↑,みなみけ三姉妹,みなみけ おかえり,アニソン,
しあわせえぼりゅ〜しょん♡,石井あみ&後本萌葉,わんだふるぷりきゅあ！,アニソン、プリキュア,
シーソーゲーム～勇敢な恋の歌〜,Mr.Children,,邦ロック,
ジェット・ラグ,ポルカドットスティングレイ,,邦ロック,
ジェットコースターラブ,KARA,,K-POP,
シトラスは片想い,Ci+LUS,Tokyo 7th シスターズ,ナナシス,
シャッター,aiko,,J-POP,
シャルル,バルーン,,ボカロ,
シャングリラ,チャットモンチー,働きマン,邦ロック、アニソン,
ジャンピン (Japanese Version),KARA,,K-POP,
シュガーソングとビターステップ,UNISON SQUARE GARDEN,血界戦線,邦ロック、アニソン,
シュガーソングとビターステップ,UNISON SQUARE GARDEN,血界戦線,邦ロック,
しゅがーでいず,Brian the Sun,,邦ロック,
しゅがーはぁと☆レボリューション,佐藤心 (CV: 花守ゆみり),アイドルマスター シンデレラガールズ,アイマス、デレマス,
ジュビリー,星街すいせい、高垣楓,アイドルマスター シンデレラガールズ,アイマス、デレマス,
ショコラ・ティアラ,三村かな子 (CV: 大坪由佳),アイドルマスター シンデレラガールズ,アイマス、デレマス,
ショコラに夢中,野本かりあ,シュガシュガルーン,アニソン,
シル・ヴ・プレジデント,P丸様。,,J-POP,
シルエット,KANA-BOON,NARUTO -ナルト- 疾風伝,邦ロック,
シンクロニシカ,ポルカドットスティングレイ,,邦ロック,
シンクロマニカ,ねごと,ガリレイドンナ,J-POP、邦ロック,
すーぱー呂布呂布ぱらだいす!,上坂すみれ,,声優,
ススメ☆オトメ ～jewel parade～,CINDERELLA PROJECT,アイドルマスター シンデレラガールズ,アイマス、デレマス,
スターマーカー,KANA-BOON,僕のヒーローアカデミア,邦ロック、アニソン,
スターライトステージ,全員,アイドルマスター シンデレラガールズ,アイマス、デレマス,
スターリースカイ☆パレード,キノシタ,,ボカロ,
すているめいと!,イオシスjkガールズ,最近、妹のようすがちょっとおかしいんだが。,アニソン,
ステップ＆スキップ,ワンステップス (関裕美、白菊ほたる、森久保乃々),アイドルマスター シンデレラガールズ,アイマス、デレマス,
ストロー,aiko,,J-POP,
ストロボメモリー,内田真礼,SSSS.DYNAZENON,声優,
スネ夫のおぼっちゃまンボ,スネ夫 (CV: 関智一),ドラえもん,アニソン,
スパークル,RADWIMPS,君の名は。,邦ロック,
スパイス,Perfume,,J-POP,
スマイルファンタジー,島村卯月、本田未央、渋谷凛,アイドルマスター シンデレラガールズ,アイマス、デレマス,
すみれコード,上坂すみれ,,声優,
スリピス,本田華子、オリヴィア、野村香純,あそびあそばせ,アニソン,
せーのっ!,情報処理部,ゆゆ式,アニソン,
セブンティーン,YOASOBI,,J-POP,
センチメンタルジャーニー,松本伊代,,J-POP、昭和,
センチメンタルラブ,みみめめMIMI,君のいる町,アニソン,
ソシテミンナノ,キタサンブラック (CV.矢野妃菜喜) 他,TVアニメ『ウマ娘 プリティーダービー Season 3』,ウマ娘,
そばかす,JUDY AND MARY,るろうに剣心,邦ロック、アニソン,
それは小さな光のような,さユり,僕だけがいない街,アニソン,
それは僕たちの奇跡,μ's,ラブライブ！,ラブライブ！,
ダーリンダンス,かいりきベア,,ボカロ,
たいくつりぼん,サンボンリボン,Tokyo 7th シスターズ,ナナシス,
だいしきゅーだいしゅき,femme fatale,,J-POP、アイドル,
ダイヤモンドハッピー,わか・ふうり・すなお,アイカツ！,アニソン,
ダイヤモンドプリンセスの憂鬱,BiBi,ラブライブ！,ラブライブ！,
タカラモノズ,μ's,ラブライブ！,ラブライブ！,
タッカー's スキルアップアイランド,ウマ娘,ウマ娘 プリティーダービー,ウマ娘,
たばこ,コレサワ,,J-POP,
タピオカミルクティ,わーすた,,J-POP、アイドル,
ダンシング・デッド,及川雫、佐藤心、諸星きらり,アイドルマスター シンデレラガールズ,アイマス、デレマス,
ダンスロボットダンス,ナユタン星人,,ボカロ,
ダンデライオン,BUMP OF CHICKEN,,邦ロック,
タンポポ,Le☆S☆Ca,Tokyo 7th シスターズ,ナナシス,
チームB推し,AKB48,,J-POP、アイドル,
チェリー,スピッツ,,邦ロック,
チカっとチカ千花っ,藤原千花,かぐや様は告らせたい,アニソン,
チクタク★2NITE,9nine,,J-POP、アイドル,
チチキトク スグカエレ,上坂すみれ,,声優,
チャイナタウン,パスピエ,,邦ロック,
チャンス！,月島きらり starring 久住小春,きらりん☆レボリューション,ハロプロ、アイドル,
チュープリ,ZOC,,J-POP、アイドル,
チューリングラブ,ナナヲアカリ feat.Sou,理系が恋に落ちたので証明してみた。,アニソン,
ちゅるりちゅるりら,でんぱ組.inc,,J-POP、アイドル,
チョコデート・サンデー,園田智代子(白石晴香),シャイニーカラーズ,アイマス,
チョコレイト・ディスコ,Perfume,,J-POP,
チョコレート？レモネード？どっち？？,乙倉悠貴、関裕美、白菊ほたる、早坂美玲、黒埼ちとせ,アイドルマスター シンデレラガールズ,アイマス、デレマス,
チルドレンレコード,じん,,ボカロ,
ツインテールの風,小日向美穂、城ヶ崎美嘉、速水奏,アイドルマスター シンデレラガールズ,アイマス、デレマス,
つくり囃子,パスピエ,,邦ロック,
つけまつける,きゃりーぱみゅぱみゅ,,J-POP,
ディア・パンタレイ,上坂すみれ,SHAMAN KING FLOWERS,声優,
デート☆デート,ショコラ＆バニラ,シュガシュガルーン,アニソン,
デート前夜狂想曲,OCHA NORMA,,ハロプロ、アイドル,
できたて Evo! Revo! Generation!,ニュージェネレーションズ,アイドルマスター シンデレラガールズ,アイマス、デレマス,
テトリアシトリ,上坂すみれ,,声優,
テノヒラ,HERO,FAIRY TAIL,アニソン,
テルマエ・ロマン,チャットモンチー,テルマエ・ロマエ,アニソン,
テレキャスター・ストライプ,ポルカドットスティングレイ,,邦ロック,
テレキャスタービーボーイ,すりぃ,,ボカロ,
でんでんぱっしょん,でんぱ組.inc,,J-POP、アイドル,
でんぱーりーナイト,でんぱ組.inc,,J-POP、アイドル,
トウキョウ・シャンディ・ランデヴ,MAISONdes,うる星やつら,アニソン,
トーキョーシティ・アンダーグラウンド,パスピエ,,邦ロック,
ドーナツホール,ハチ,,ボカロ,
とおりゃんせ,パスピエ,,邦ロック,
ドキッ！こういうのが恋なの？,えり〜な,,ハロプロ、アイドル,
ドキドキ☆La・La・Lun TOUR,羽衣ララ(小原好美),スター☆トゥインクルプリキュア,アニソン、プリキュア,
ドキドキラビリンス,小倉唯,,声優,
トキノワ,パスピエ,境界のRINNE,邦ロック、アニソン,
トキノワ,パスピエ,境界のRINNE,アニソン,
ときはなて！,春日未来 (CV: 山崎はるか),アイドルマスター ミリオンライブ！,アニソン,
ときめきシュガー,放課後ティータイム,けいおん！,アニソン,
ときめきブローカー,P丸様。,,J-POP,
トゲめくスピカ,ポルカドットスティングレイ,あひるの空,アニソン,
とてと,小坂ちひろ (CV: 阿澄佳奈),神のみぞ知るセカイ,アニソン,
とどけ！アイドル,全員,アイドルマスター シンデレラガールズ,アイマス、デレマス,
とびら開けて,神田沙也加 & 津田英佑,アナと雪の女王,ディズニー,
とまどい→レシピ,みかくにんぐッ！,未確認で進行形,アニソン,
とまどい→レシピ,みかくにんぐッ!,未確認で進行形,アニソン,
トライ・エヴリシング,Dream Ami / Shakira,ズートピア,ディズニー,
ドラえもん,星野源,映画ドラえもん のび太の宝島,アニソン,
ドリアン少年,NMB48,,J-POP、アイドル,
トレセン音頭,ウマ娘,ウマ娘 プリティーダービー,ウマ娘,
トレセン音頭,ウマ娘 プリティーダービー,ウマ娘 プリティーダービー,アニソン,
ドレミファクトリー,U149 (結城晴、赤城みりあ、脇山珠美、市原仁奈、櫻井桃華),アイドルマスター シンデレラガールズ,アイマス、デレマス,
トロイメライ,パスピエ,,邦ロック,
トワイライト,Le☆S☆Ca,Tokyo 7th シスターズ,ナナシス,
トンデモワンダーズ,sasakure.UK,,ボカロ,
ないものねだり,KANA-BOON,,邦ロック,
ナイワ,初星学園,学園アイドルマスター,アイマス、学マス,
ナチュラルに恋して,Perfume,,J-POP,
なつっこ音頭,結城晴、赤城みりあ、脇山珠美、市原仁奈、櫻井桃華,アイドルマスター シンデレラガールズ,アイマス、デレマス,
ナンセンス文学,Eve,,J-POP,
なんでもないや (movie ver.),RADWIMPS,君の名は。,邦ロック,
にゃんぼりーdeモッフィー！！,DIALOGUE+,カワイスギクライシス,アニソン,
にんぎょひめ練習中！,浅利七海 (CV: 井上ほの花),アイドルマスター シンデレラガールズ,アイマス、デレマス,
にんじゃりばんばん,きゃりーぱみゅぱみゅ,,J-POP,
ね〜え？,松浦亜弥,,ハロプロ、アイドル,
ねぇ,Perfume,,J-POP,
ネオンと虎,パスピエ,,邦ロック,
ネオ東京唱歌,上坂すみれ,,声優,
ネコに風船,大塚愛,,J-POP,
ノーダウト,Official髭男dism,コンフィデンスマンJP,邦ロック、ドラマ,
ノルニル,やくしまるえつこメトロオーケストラ,輪るピングドラム,アニソン,
ノルマンディー,パスピエ,,邦ロック,
パ・リ・ラ,城ヶ崎莉嘉、片桐早苗、堀裕子、及川雫、日野茜,アイドルマスター シンデレラガールズ,アイマス、デレマス,
パート・オブ・ユア・ワールド,Jodi Benson,リトル・マーメイド,ディズニー,
ハートイロトリドリ〜ム,彩瀬なる,プリティーリズム,アニソン,
ハートキャッチ★パラダイス,工藤真由,ハートキャッチプリキュア!,アニソン、プリキュア,
ハートをつければかわいかろう,上坂すみれ,,声優,
ハート型ウイルス,AKB48,,J-POP、アイドル,
ハーモニクス,D/Zeal,ミリオンライブ！,アイマス,
ハイタッチ☆メモリー,小倉唯,カードファイト!! ヴァンガードG ストライドゲート編,声優,
ハイパーリアリスト,パスピエ,,邦ロック,
パイパイ仮面でどうかしらん？,宝鐘マリン,,VTuber・Vsinger,
ハウトゥワープ,ナユタン星人,,ボカロ,
ハクナ・マタタ,ネイサン・レイン、アーニー・サベラ 他,ライオン・キング,ディズニー,
バケノカワ,ポルカドットスティングレイ,,邦ロック,
パジャマジャマ,喜多見柚、本田未央、及川雫,アイドルマスター シンデレラガールズ,アイマス、デレマス,
パステルピンクな恋,小早川紗枝、佐久間まゆ、水本ゆかり、三村かな子、緒方智絵里,アイドルマスター シンデレラガールズ,アイマス、デレマス,
ハッピー☆彡,月島きらり starring 久住小春,きらりん☆レボリューション,ハロプロ、アイドル,
ハッピーエンドプリンセス,上坂すみれ,ティアムーン帝国物語,声優,
ハッピージャムジャム,しまじろう,しましまとらのしまじろう,アニソン,
ハッピーシンセサイザ,EasyPop,,ボカロ,
ハッピーミルフィーユ,初星学園,学園アイドルマスター,アイマス、学マス,
はなをぷーん,きら☆ぴか,きらりん☆レボリューション,ハロプロ、アイドル,
はぴはぴ☆サンデー！,月島きらり starring 久住小春,きらりん☆レボリューション,ハロプロ、アイドル,
ハピハロ!!,クロミ,,アニソン,
パペピブ★ロマンチック,吉武千颯,スター☆トゥインクルプリキュア,アニソン、プリキュア,
バベル,Dimension-3 (二宮飛鳥、一ノ瀬志希),アイドルマスター シンデレラガールズ,アイマス、デレマス,
パラダイム,eufonius,ココロコネクト,アニソン,
バラライカ,月島きらり starring 久住小春,きらりん☆レボリューション,ハロプロ、アイドル,
パララックス・ビュー,上坂すみれ,鬼灯の冷徹,声優,
バリ3共和国,でんぱ組.inc,,J-POP、アイドル,
パレオはエメラルド,SKE48,,J-POP、アイドル,
ハレ晴レユカイ,平野綾、茅原実里、後藤邑子,涼宮ハルヒの憂鬱,アニソン,
パンドラボックス,ポルカドットスティングレイ,,邦ロック,
ヒアルロンリーガール,ZOC,,J-POP、アイドル,
ピースサイン - Peace Sign,米津玄師,僕のヒーローアカデミア,アニソン,
ビーチブレイバー,放課後クライマックスガールズ,シャイニーカラーズ,アイマス,
ビー玉,大塚愛,,J-POP,
ヒカリへ,miwa,魔法使いの嫁,アニソン,
ヒトガタ,HIMEHINA,,VTuber・Vsinger,
ひとりさみしく,ShaNa,FAIRY TAIL,アニソン,
ビバナミダ,岡村靖幸,スペース☆ダンディ,アニソン,
ビビデバ,星街すいせい,,VTuber・Vsinger,
ヒミツ,ポルカドットスティングレイ,スマホを落としただけなのに,邦ロック、ドラマ,
ヒャダインのカカカタ☆カタオモイ-C,ヒャダイン,日常,アニソン,
ヒャダインのじょーじょーゆーじょー,ヒャダイン,日常,アニソン,
ぴゅあぴゅあはーと,放課後ティータイム,けいおん！,アニソン,
ひよこのうた,Le☆S☆Ca,Tokyo 7th シスターズ,ナナシス,
ひろがるスカイ！プリキュア ～Hero Girls～,石井あみ,ひろがるスカイ！プリキュア,アニソン、プリキュア,
ファーストピリオド.,上坂すみれ,,声優,
ファッションモンスター,きゃりーぱみゅぱみゅ,,J-POP,
フィーバー,パスピエ,,邦ロック,
フィクション,sumika,ヲタクに恋は難しい,邦ロック,
フェアリーテイル 〜約束の日〜,米倉千尋,FAIRY TAIL,アニソン,
フェイバリットに踊らせて,水嶋咲(小林大紀),アイドルマスター SideM,アイマス,
ふたりのひみつのほんとのきもち,やすなとソーニャ,キルミーベイベー,アニソン,
ふでペン 〜ボールペン〜,放課後ティータイム,けいおん！,アニソン,
プライスレス ドーナッCyu♡,椎名法子 (CV: 都丸ちよ),アイドルマスター シンデレラガールズ,アイマス、デレマス,
プライド革命,CHiCO with HoneyWorks,銀魂゜,アニソン,
フライングゲット,AKB48,,J-POP、アイドル,
プラネタリウム,大塚愛,,J-POP,
プリキュア5、スマイルgo go！,工藤真由,Yes!プリキュア5,アニソン、プリキュア,
ふりそでーしょん,きゃりーぱみゅぱみゅ,,J-POP,
プリティーリズムでGo！,MARs,プリティーリズム,アニソン,
ブルーバード,いきものがかり,NARUTO,邦ロック、アニソン,
ブルーバード,いきものがかり,NARUTO -ナルト- 疾風伝,アニソン,
プレシャス・セトラ,SiSH,Tokyo 7th シスターズ,ナナシス,
プレゼント・フォー・ユー,4U,Tokyo 7th シスターズ,ナナシス,
フレミング,ポルカドットスティングレイ,,邦ロック,
フレンジャー,大塚愛,,J-POP,
フレンド・ライク・ミー,ロビン・ウィリアムズ / 山寺宏一,アラジン,ディズニー,
プロミスザスター,BiSH,,J-POP、アイドル,
ふわふわ時間,放課後ティータイム,けいおん！,アニソン,
ベニクラゲ,ポルカドットスティングレイ,,邦ロック,
ヘビーローテーション,AKB48,,J-POP、アイドル,
ボーイフレンド,aiko,,J-POP,
ホール・ニュー・ワールド,ピーボ・ブライソン & レジーナ・ベル,アラジン,ディズニー,
ぼくらのブルーバードデイズ,ウマ娘,ウマ娘 プリティーダービー,ウマ娘,
ポジティブ☆ダンスタイム,キノシタ,,ボカロ,
ぽなぺてぃーと♡S,ブレンド・A,ブレンド・S,アニソン,
ポニーテールとシュシュ,AKB48,,J-POP、アイドル,
ポリリズム,Perfume,,J-POP,
ボルテッカー,DECO*27,,ボカロ,
ボン キュッ ボン は彼のモノ,上坂すみれ,なんでここに先生が!?,声優,
マーベラスサンデータイム☆★,マーベラスサンデー (CV.三宅麻理恵),ウマ娘 プリティーダービー,ウマ娘,
マイドリーム！マイメロディ！,まいめろでぃーず,おねがいマイメロディ,アニソン、サンリオ,
マイペースでいきましょう,七森中☆ごらく部,ゆるゆり,アニソン,
まかせて★スプラッシュ★スター★,うちやえゆか,ふたりはプリキュア Splash Star,アニソン、プリキュア,
ましゅまろ☆キッス,諸星きらり (CV: 松嵜麗),アイドルマスター シンデレラガールズ,アイマス、デレマス,
マッカメッカ,パスピエ,,邦ロック,
まっしろわーるど,みかくにんぐッ!,未確認で進行形,アニソン,
マトリョシカ,ハチ,,ボカロ,
マリーゴールド,あいみょん,,J-POP,
マリキュア5、フル・スロットル GO GO！,工藤真由,Yes!プリキュア5GoGo!,アニソン、プリキュア,
ミックスナッツ,Official髭男dism,SPY×FAMILY,邦ロック、アニソン,
ミックスナッツ,Official髭男dism,SPY×FAMILY,邦ロック,
ミツボシ☆☆★,本田未央 (CV: 原紗友里),アイドルマスター シンデレラガールズ,アイマス、デレマス,
みてみて☆こっちっち,ももいろクローバーZ,ポケットモンスター,アニソン,
ミドリ,ポルカドットスティングレイ,,邦ロック,
ミニハムずの結婚ソング,ミニハムず,とっとこハム太郎,ハロプロ、アイドル,
ミニモニ。じゃんけんピョン！,ミニモニ。,,ハロプロ、アイドル,
ミラーボール・ラブ,宮本フレデリカ、棟方愛海、及川雫、荒木比奈、姫川友紀,アイドルマスター シンデレラガールズ,アイマス、デレマス,
ミライボウル,ももいろクローバー,,J-POP、アイドル,
ミラクル,miwa,,J-POP,
ミラクルっとLink Ring!,Machico,ヒーリングっど♥プリキュア,アニソン、プリキュア,
ミラクルテレパシー,堀裕子 (CV: 鈴木絵理),アイドルマスター シンデレラガールズ,アイマス、デレマス,
ミラクルナナウ(ﾟ∀ﾟ)！,初星学園,学園アイドルマスター,アイマス、学マス,
みんなのきもち,市原仁奈 (CV: 久野美咲),アイドルマスター シンデレラガールズ,アイマス、デレマス,
メーデー,パスピエ,,邦ロック,
メッセージ,渋谷凛、安部菜々、緒方智絵里、島村卯月、本田未央,アイドルマスター シンデレラガールズ,アイマス、デレマス,
めにしゅき♡ラッシュっしゅ！,ウマ娘,ウマ娘 プリティーダービー,ウマ娘,
めらめらハートが熱くなる,MARs,プリティーリズム,アニソン,
メランコリーキッチン,米津玄師,,J-POP,
メランコリック,Junky,,ボカロ,
メリクリ,BoA,,J-POP、K-POP,
メリトラクシー,愛美,,声優,
メルヘンデビュー！,安部菜々 (CV: 三宅麻理恵),アイドルマスター シンデレラガールズ,アイマス、デレマス,
メロディーフラッグ,4U,Tokyo 7th シスターズ,ナナシス,
メロンジュース,HKT48,,J-POP、アイドル,
モーレツ★世直しギルティ！,セクシーギルティ (堀裕子、片桐早苗、及川雫),アイドルマスター シンデレラガールズ,アイマス、デレマス,
もぎゅっと“love”で接近中!,μ's,ラブライブ！,ラブライブ！,
もしもの話,nano.RIPE,バクマン。,アニソン,
もっふ・いんざぼっくす ♪,もふもふえん,アイドルマスター SideM,アイマス,
ものどもの宴,上坂すみれ,鬼灯の冷徹,声優,
モラトリアム,浜口あやめ、脇山珠美、道明寺歌鈴,アイドルマスター シンデレラガールズ,アイマス、デレマス,
やさしい悪魔,キャンディーズ,,J-POP、昭和,
やさしさに包まれたなら,荒井由実,魔女の宅急便,アニソン、J-POP,
ヤバい○○,上坂すみれ,上坂すみれのヤバい○○,声優,
ユニバーページ,三森すずこ,アウトブレイク・カンパニー,声優,
ユメノトビラ,μ's,ラブライブ！,ラブライブ！,
ユメヲカケル!,スピカ [スペシャルウィーク (CV.和氣あず未) 他],TVアニメ『ウマ娘 プリティーダービー Season 2』,ウマ娘,
ゆりゆららららゆるゆり大事件,七森中☆ごらく部,ゆるゆり,アニソン,
ようこそジャパリパークへ,どうぶつビスケッツ×PPP,けものフレンズ,アニソン,
よっぱらっぴ☆,上坂すみれ,,声優,
ラ♪ラ♪ラ♪スイートプリキュア♪,工藤真由,スイートプリキュア♪,アニソン、プリキュア,
ライラック,Mrs. GREEN APPLE,忘却バッテリー,邦ロック,
ラヴィアンローズ,櫻井桃華 (CV: 照井春佳),アイドルマスター シンデレラガールズ,アイマス、デレマス,
ラディアン,ポルカドットスティングレイ,ラディアン,アニソン,
ラバ×ラバ,WITCH NUMBER 4,Tokyo 7th シスターズ,ナナシス,
ラビットファー,XS,ミリオンライブ！,アイマス,
ラビューダ♡トライアングル,島村卯月、宮本フレデリカ、喜多日菜子,アイドルマスター シンデレラガールズ,アイマス、デレマス,
ラブコール,ポルカドットスティングレイ,,邦ロック,
らぶじゅてーむ,甲田まひる,ぶっちぎり？！,アニソン,
ラブノベルズ,BiBi,ラブライブ！,ラブライブ！,
ラブリー♡オンリー,SUCSUTA,Tokyo 7th シスターズ,ナナシス,
ラブレター,P.C.S (島村卯月、小日向美穂、五十嵐響子),アイドルマスター シンデレラガールズ,アイマス、デレマス,
リアルワールド,nano.RIPE,人類は衰退しました,邦ロック、アニソン,
リアルワールド,nano.RIPE,人類は衰退しました,アニソン,
リカバーデコレーション,小野寺小咲 (CV: 花澤香菜),ニセコイ,アニソン,
リスミー,ポルカドットスティングレイ,,邦ロック,
リトルリドル,LittlePOPS,アイドルマスター シンデレラガールズ,アイマス、デレマス,
リバーサイド・ラヴァーズ(奈落の恋),上坂すみれ,鬼灯の冷徹,声優,
リベリオン,上坂すみれ,,声優,
リメンバー・ミー,石橋陽彩,リメンバー・ミー,ディズニー,
リライト,ASIAN KUNG-FU GENERATION,鋼の錬金術師,邦ロック、アニソン,
リライト,ASIAN KUNG-FU GENERATION,鋼の錬金術師,邦ロック,
ルージュの伝言,荒井由実,魔女の宅急便,アニソン、J-POP,
ルル,やくしまるえつこ,電波女と青春男,アニソン,
レーザービーム,Perfume,,J-POP,
レット・イット・ゴー,松たか子 / Idina Menzel,アナと雪の女王,ディズニー,
レッド・ソール,Flamme Martini,アイドルマスター シンデレラガールズ,アイマス、デレマス,
ローリング△さんかく,周防桃子(渡部恵子),ミリオンライブ！,アイマス,
ロキ,みきとP,,ボカロ,
ロケットサイダー,ナユタン星人,,ボカロ,
ロケットスニーカー,大塚愛,,J-POP,
ロボキッス,W(ダブルユー),,ハロプロ、アイドル,
ロマンスの神様,広瀬香美,,J-POP,
ワスレガタキ,石崎ひゅーい,Dr.STONE,アニソン,
わたしの恋はホッチキス,放課後ティータイム,けいおん！,アニソン,
ワタシ御伽ばなシ,ライラ、古賀小春、喜多日菜子、森久保乃々、市原仁奈,アイドルマスター シンデレラガールズ,アイマス、デレマス,
ワニとシャンプー,ももいろクローバーZ,,J-POP、アイドル,
わんだふるぷりきゅあ！evolution!!,吉武千颯,わんだふるぷりきゅあ！,アニソン、プリキュア,
ワンルーム・ディスコ,Perfume,,J-POP,
ワンルームシュガーライフ,ナナヲアカリ,ハッピーシュガーライフ,アニソン,
愛してるばんざーい!,μ's,ラブライブ！,ラブライブ！,
愛にできることはまだあるかい (Movie edit),RADWIMPS,天気の子,邦ロック,
愛の芽生え,ペイジ・オハラ、ロビー・ベンソン 他,美女と野獣,ディズニー,
愛を伝えたいだとか,あいみょん,,J-POP,
愛愛愛,9nine,,J-POP、アイドル,
愛包ダンスホール,HIMEHINA,,VTuber・Vsinger,
安眠swimming,femme fatale,,J-POP、アイドル,
一件落着ゴ用心,イヤホンズ,AKIBA'S TRIP -THE ANIMATION-,アニソン,
右に曲ガール,はるふり,,ボカロ,
運命,sumika,ダンジョン飯,邦ロック,
永すぎた春,パスピエ,,邦ロック,
永遠の不在証明,東京事変,名探偵コナン 緋色の弾丸,邦ロック、アニソン,
永久のキズナ feat. Another Infinity,Daisy×Daisy,FAIRY TAIL,アニソン,
炎,LiSA,劇場版「鬼滅の刃」無限列車編,アニソン,
仮装狂騒曲,初星学園,学園アイドルマスター,アイマス、学マス,
夏、終わらないで。,BiBi,ラブライブ！,ラブライブ！,
夏wanna say love U,9nine,,J-POP、アイドル,
夏休みは終わらない,おニャン子クラブ,,J-POP、昭和,
夏色えがおで1 2 Jump!,μ's,ラブライブ！,ラブライブ！,
花ざかりweekend✿,4 Luxury,ミリオンライブ！,アイマス,
花になって,緑黄色社会,薬屋のひとりごと,邦ロック、アニソン,
Mela!,緑黄色社会,,邦ロック,
花火,aiko,,J-POP,
花咲キオトメ,七花少女,Tokyo 7th シスターズ,ナナシス,
花道！！ア～ンビシャス,SUPER☆GiRLS,,J-POP、アイドル,
花八踊レヤいろはにほ,チーム ハナヤマタ,ハナヤマタ,アニソン,
花簪 HANAKANZASHI,小早川紗枝 (CV: 立花理香),アイドルマスター シンデレラガールズ,アイマス、デレマス,
華蕾夢ミル狂詩曲 ～魂ノ導～,神崎蘭子 (CV: 内田真礼),アイドルマスター シンデレラガールズ,アイマス、デレマス,
我旗の元へと集いたまえ,上坂すみれ,,声優,
会いたかった！,AKB48,,J-POP、アイドル,
会心の一撃,RADWIMPS,,邦ロック,
回レ！雪月花,歌組雪月花,機巧少女は傷つかない,アニソン,
廻廻奇譚,Eve,呪術廻戦,アニソン,
快走!ラスプーチン,上坂すみれ,,声優,
怪獣,サカナクション,,邦ロック,
怪獣の花唄,Vaundy,,J-POP,
怪物,YOASOBI,BEASTARS,アニソン,
海風のモノローグ,上坂すみれ,,声優,
革命的ブロードウェイ主義者同盟,上坂すみれ,,声優,
革命道中 – On The Way – ,アイナ・ジ・エンド,ダンダダン,J-POP、アニソン,
鎌倉STYLE,ぼっちぼろまる,,J-POP,
冠菊,初星学園,学園アイドルマスター,アイマス、学マス,
完璧ぐ〜のね,渡り廊下走り隊,FAIRY TAIL,アニソン,
完璧ぐーのね,渡り廊下走り隊,FAIRY TAIL,アニソン,
感電,米津玄師,MIU404,J-POP、ドラマ,
顔も覚えてない,ポルカドットスティングレイ,,邦ロック,
希望のカケラ,北出菜奈,出ましたっ!パワパフガールズZ,アニソン,
希望的リフレイン,AKB48,,J-POP、アイドル,
気まぐれロマンティック,いきものがかり,,J-POP,
気持ちいいよね 一等賞！,姫川友紀 (CV: 杜野まこ),アイドルマスター シンデレラガールズ,アイマス、デレマス,
祈りの星空,上坂すみれ,,声優,
貴方の恋人になりたいのです,阿部真央,,J-POP,
輝く世界の魔法,神崎蘭子、アナスタシア、高垣楓、輿水幸子、渋谷凛,アイドルマスター シンデレラガールズ,アイマス、デレマス,
輝く未来,マンディ・ムーア & ザッカリー・リーヴァイ,塔の上のラプンツェル,ディズニー,
輝夜の城で踊りたい,μ's,ラブライブ！,ラブライブ！,
逆光（ウタ）,Ado,ONE PIECE,アニソン,
共鳴世界の存在論,二宮飛鳥 (CV: 青木志貴),アイドルマスター シンデレラガールズ,アイマス、デレマス,
境界の彼方,茅原実里,境界の彼方,声優,
教えて....！トゥインクル,吉武千颯,スター☆トゥインクルプリキュア,アニソン、プリキュア,
鏡よ鏡,花譜,,VTuber・Vsinger,
極楽灯,ポルカドットスティングレイ,,邦ロック,
金魚花火,大塚愛,,J-POP,
金曜日のおはよう,HoneyWorks,,ボカロ,
銀のイルカと熱い風,緒方智絵里、片桐早苗、鷺沢文香、村上巴、ももいろクローバーZ,アイドルマスター シンデレラガールズ,アイマス、デレマス,
空ニラクガキ,あかり、ミリア、沙羅,ジュエルペット てぃんくる☆,アニソン、サンリオ,
空に歌えば,amazarashi,僕のヒーローアカデミア,アニソン、邦ロック,
空も飛べるはず,スピッツ,,邦ロック,
空色デイズ,中川翔子,天元突破グレンラガン,アニソン,
君がいないと,石塚英彦 & 田中裕二,モンスターズ・インク,ディズニー,
君がいるから,下川みくに,FAIRY TAIL,アニソン,
君じゃなきゃダメみたい,オーイシマサヨシ,月刊少女野崎くん,アニソン,
君のせい,the peggies,青春ブタ野郎はバニーガール先輩の夢を見ない,邦ロック、アニソン,
君のバンド,コレサワ,,J-POP,
君の知らない物語,supercell,化物語,アニソン,
君はともだち,ランディ・ニューマン,トイ・ストーリー,ディズニー,
経験値上昇中☆,みなみけ三姉妹,みなみけ,アニソン,
月花,nano.RIPE,はたらく魔王さま!,邦ロック、アニソン,
月花,nano.RIPE,はたらく魔王さま！,アニソン,
月曜日のクリームソーダ,Jelly PoP Beans,ミリオンライブ！,アイマス,
見参！革ブロ☆ふぉーえばー,上坂すみれ,,声優,
言い訳Maybe,AKB48,,J-POP、アイドル,
言わないけどね。,大原ゆい子,からかい上手の高木さん,アニソン,
五月雨20ラブ,放課後ティータイム,けいおん！,アニソン,
光るなら,Goose house,四月は君の嘘,アニソン,
光景,初星学園,学園アイドルマスター,アイマス、学マス,
光線チューニング,ナユタン星人,,ボカロ,
紅蓮華,LiSA,鬼滅の刃,アニソン,
荒野を歩け,ASIAN KUNG-FU GENERATION,夜は短し歩けよ乙女,邦ロック,
行くぜっ！怪盗少女,ももいろクローバー,,J-POP、アイドル,
高嶺の花子さん,back number,,J-POP,
告白ライバル宣言,HoneyWorks feat. 代永翼,,J-POP,
告白予行練習,HoneyWorks feat. 戸松遥,ずっと前から好きでした。,アニソン,
黒毛和牛上塩タン焼680円,大塚愛,,J-POP,
今日に恋色,May'n,いなり、こんこん、恋いろは。,アニソン,
困惑コンフューズ,9nine,,J-POP、アイドル,
最終電車,パスピエ,,邦ロック,
最先端△ガール feat.内田真礼,上坂すみれ,,声優,
咲いてJewel,CAERULA (橘ありす、鷺沢文香、速水奏、塩見周子、二宮飛鳥),アイドルマスター シンデレラガールズ,アイマス、デレマス,
桜のあと,UNISON SQUARE GARDEN,夜桜四重奏,邦ロック、アニソン,
桜のあと (all quartets lead to the?),UNISON SQUARE GARDEN,夜桜四重奏 〜ハナノウタ〜,邦ロック,
三原色,YOASOBI,,J-POP,
三日月,絢香,,J-POP,
三日月,絢香,,J-POP,
残念系隣人部★★☆,友達つくり隊,僕は友達が少ない,アニソン,
私色ギフト,凸レーション & 莉嘉,アイドルマスター シンデレラガールズ,アイマス、デレマス,
自由への扉,小此木まり / Mandy Moore,塔の上のラプンツェル,ディズニー,
七つの海よりキミの海,上坂すみれ,波打際のむろみさん,声優,
借りてきた猫 (Do the Dance),ILLIT,,K-POP,
守ってあげたい,松任谷由実,ねらわれた学園,J-POP、ドラマ,
手と手つないでハートもリンク！！,宮本佳那子,Yes!プリキュア5GoGo!,アニソン、プリキュア,
手をギュしてね,御庭つみき,あっちこっち,アニソン,
秋のあなたの空遠く,lily white,ラブライブ！,ラブライブ！,
秋めいて Ding Dong Dang!,しんげき声優選抜,アイドルマスター シンデレラガールズ,アイマス、デレマス,
秋風に手を振って,相葉夕美、多田李衣菜、中野有香,アイドルマスター シンデレラガールズ,アイマス、デレマス,
春の風,多田李衣菜、木村夏樹,アイドルマスター シンデレラガールズ,アイマス、デレマス,
春一番,キャンディーズ,,J-POP、昭和,
春嵐,須田景凪,,ボカロ,
瞬間センチメンタル,SCANDAL,鋼の錬金術師 FULLMETAL ALCHEMIST,邦ロック、アニソン,
瞬間センチメンタル,SCANDAL,鋼の錬金術師 FULLMETAL ALCHEMIST,アニソン,
純情Midnight伝説,向井拓海、藤本里奈、松永涼、大和亜季、木村夏樹,アイドルマスター シンデレラガールズ,アイマス、デレマス,
初,初星学園,学園アイドルマスター,アイマス、学マス,
初めて恋をした記憶,小坂ちひろ (CV: 阿澄佳奈),神のみぞ知るセカイ,アニソン,
初めて恋をした記憶（小阪ちひろ ver.）,小阪ちひろ starring 阿澄佳奈,神のみぞ知るセカイ,アニソン,
初恋サイダー,Buono!,,ハロプロ、アイドル,
女子力←パラダイス,SUPER☆GiRLS,,J-POP、アイドル,
女神と死神,上坂すみれ,,声優,
唱,Ado,,J-POP,
唱,Ado,,J-POP,https://youtube.com/watch?v=pgXpM4l_MwI
小さな恋のうた,MONGOL800,,邦ロック,
小さな恋の密室事件,白坂小梅 (CV: 桜咲千依),アイドルマスター シンデレラガールズ,アイマス、デレマス,
少年よ我に帰れ,やくしまるえつこメトロオーケストラ,輪るピングドラム,アニソン,
硝子ドール,わか・もえ・すなお,アイカツ！,アニソン,
冗談じゃないね,まねきケチャ,,J-POP、アイドル,
情熱ファンファンファーレ,ポジティブパッション (本田未央、日野茜、高森藍子),アイドルマスター シンデレラガールズ,アイマス、デレマス,
食虫植物,理芽,,VTuber・Vsinger,
侵略ノススメ☆,ULTRA-PRISM with イカ娘,侵略！イカ娘,アニソン,
心予報,Eve,ロッテ ガーナ,J-POP,
新・チョコレート事件,ゆな from STAR☆ANIS,アイカツ！,アニソン,
新時代,Ado(ウタ),ONE PIECE FILM RED,アニソン,
新時代（ウタ）,Ado,ONE PIECE,アニソン,
新宝島,サカナクション,バクマン。,邦ロック,
真・革命伝説,上坂すみれ,,声優,
真夏のsounds good！,AKB48,,J-POP、アイドル,
真実の愛のキス,エイミー・アダムス & ジェームズ・マースデン,魔法にかけられて,ディズニー,
真夜中のドア,イーフェイ,出ましたっ!パワパフガールズZ,アニソン,
神様！絶対だよ,今井加奈 (CV: 市ノ瀬加那),アイドルマスター シンデレラガールズ,アイマス、デレマス,
神様はじめました,ハナエ,神様はじめました,アニソン,
人魚,ポルカドットスティングレイ,,邦ロック,
世界は恋に堕ちている,CHiCO with HoneyWorks,アオハライド,アニソン,
世界一HAPPYな女の子,°C-ute,,ハロプロ、アイドル,
星が瞬く夜に,BiSH,,J-POP、アイドル,
星に願いを,クリフ・エドワーズ,ピノキオ,ディズニー,
星を辿れば,大原ゆい子,リトルウィッチアカデミア,アニソン,
星を辿れば,大原ゆい子,リトルウィッチアカデミア,アニソン,
星屑☆シーカー,WITCH NUMBER 4,Tokyo 7th シスターズ,ナナシス,
星座になれたら,結束バンド,ぼっち・ざ・ろく！,アニソン,
晴る,ヨルシカ,葬送のフリーレン,アニソン,
晴レ晴レファンファーレ,みみめめMIMI,甘々と稲妻,アニソン,
正解はひとつ!じゃない‼︎,ミルキィホームズ,探偵オペラ ミルキィホームズ,アニソン,
生まれてはじめて,神田沙也加 & 松たか子,アナと雪の女王,ディズニー,
生活こんきゅーダメディネロ,上坂すみれ,ジャヒー様はくじけない!,声優,
生存本能ヴァルキュリア,アインフェリア (新田美波、鷺沢文香、橘ありす、高森藍子、相葉夕美),アイドルマスター シンデレラガールズ,アイマス、デレマス,
青い珊瑚礁,松田聖子,,アイドル、昭和,
青い栞,Galileo Galilei,あの日見た花の名前を僕達はまだ知らない。,アニソン,
青空のラプソディ,fhána,小林さんちのメイドラゴン,邦ロック、アニソン,
青空のラプソディ,fhána,小林さんちのメイドラゴン,アニソン,
赤いスイートピー,松田聖子,,J-POP、昭和,
絶対的な関係,赤い公園,,J-POP、邦ロック,
絶対特権主張しますっ！,十時愛梨、日野茜、高森藍子、堀裕子、星輝子,アイドルマスター シンデレラガールズ,アイマス、デレマス,
絶滅黒髪少女,NMB48,,J-POP、アイドル,
千本桜,黒うさP,,ボカロ,
全開！ミラクルアドベンチャー！,ニュージェネレーションズ (島村卯月、渋谷凛、本田未央),アイドルマスター シンデレラガールズ,アイマス、デレマス,
全力☆Summer!,angela,アホガール,アニソン,
全力☆Summer!,ANGELA,アホガール,アニソン,
創傷イノセンス,内田真礼,悪魔のリドル,声優,
双翼の独奏歌,ダーク・イルミネイト (神崎蘭子、二宮飛鳥),アイドルマスター シンデレラガールズ,アイマス、デレマス,
奏(かなで),スキマスイッチ,,邦ロック,
相思相愛,aiko,名探偵コナン,アニソン,
足跡,the peggies,僕のヒーローアカデミア,邦ロック、アニソン,
太陽曰く燃えよカオス,後ろから這いより隊G,這いよれ! ニャル子さん,アニソン,
大きな愛でもてなして,°C-ute,,ハロプロ、アイドル,
大好きだよ。,大塚愛,,J-POP,
大声ダイヤモンド,AKB48,,J-POP、アイドル,
知らないLove*教えてLove,lily white,ラブライブ！,ラブライブ！,
地獄でホットケーキ,上坂すみれ,鬼灯の冷徹,声優,
朝の風景,ペイジ・オハラ 他,美女と野獣,ディズニー,
潮風のハーモニー,白浜坂高校合唱部,TARI TARI,アニソン,
津軽海峡・冬景色,石川さゆり,,演歌,
追い風Running,乙倉悠貴 (CV: 中島由貴),アイドルマスター シンデレラガールズ,アイマス、デレマス,
天国と地獄,UNISON SQUARE GARDEN,,邦ロック,
天使にふれたよ!,放課後ティータイム,けいおん！,アニソン,
天城越え,石川さゆり,,演歌,
天体観測,BUMP OF CHICKEN,,邦ロック,
電波ジャック,パスピエ,,邦ロック,
徒然モノクローム,フジファブリック,つり球,邦ロック,
冬がくれた予感,BiBi,ラブライブ！,ラブライブ！,
東京サマーセッション,HoneyWorks feat. 瀬戸口優・榎本夏樹・望月蒼太・早坂あかり・芹沢春輝・合田美桜,,J-POP,
東京フラッシュ,Vaundy,,J-POP,
桃ノ花ビラ,大塚愛,,J-POP,
透明な翼,大原ゆい子,リトルウィッチアカデミア,アニソン,
凸凹スピードスター,しゅがしゅが☆み〜ん (安部菜々、佐藤心),アイドルマスター シンデレラガールズ,アイマス、デレマス,
突然Do love me!,HKT48,,J-POP、アイドル,
虹を編めたら,fhána,ハルチカ,邦ロック、アニソン,
虹を編めたら,fhána,ハルチカ〜ハルタとチカは青春する〜,アニソン,
如月アテンション,じん,,ボカロ,
熱血乙女A,高垣楓 (CV: 早見沙織),アイドルマスター シンデレラガールズ,アイマス、デレマス,
熱情エナモラル,小関麗奈、早坂美玲,アイドルマスター シンデレラガールズ,アイマス、デレマス,
年下 Boyfriend,IZ*ONE,,K-POP,
年下の男の子,キャンディーズ,,アイドル、昭和,
脳内戦争,パスピエ,,邦ロック,
白線,初星学園,学園アイドルマスター,アイマス、学マス,
白日,King Gnu,イノセンス 冤罪弁護士,邦ロック、ドラマ,
薄荷 -ハッカ-,北条加蓮 (CV: 渕上舞),アイドルマスター シンデレラガールズ,アイマス、デレマス,
爆熱マイソウル,ウマ娘,ウマ娘 プリティーダービー,ウマ娘,
半永久的に愛してよ♡,堀江由衣,ゴールデンタイム,声優,
煩悩☆パラダイス,愛美,,声優,
秘密のトワレ,一ノ瀬志希 (CV: 藍原ことみ),アイドルマスター シンデレラガールズ,アイマス、デレマス,
飛行少女,ナユタン星人,,ボカロ,
微かなカオリ,Perfume,,J-POP,
微熱からMystery,lily white,ラブライブ！,ラブライブ！,
美しい鰭,スピッツ,名探偵コナン 黒鉄の魚影,邦ロック,
美に入り彩を穿つ,羽衣小町 (小早川紗枝、塩見周子),アイドルマスター シンデレラガールズ,アイマス、デレマス,
美女と野獣,セリーヌ・ディオン & ピーボ・ブライソン,美女と野獣,ディズニー,
美少女無罪♡パイレーツ,宝鐘マリン,,VTuber・Vsinger,
病名恋ワズライ,HoneyWorks,,ボカロ,
不可幸力,Vaundy,,J-POP,
不可思議のカルテ,桜島麻衣、古賀朋絵、双葉理央、豊浜のどか、梓川かえで、牧之原翔子,青春ブタ野郎はバニーガール先輩の夢を見ない,アニソン,
不埒なCANVAS,幸子、美玲、乃々,アイドルマスター シンデレラガールズ,アイマス、デレマス,
付き合ってるのに片思い,Berryz工房,,ハロプロ、アイドル,
楓,スピッツ,,邦ロック,
風色メロディ,緒方智絵里 (CV: 大空直美),アイドルマスター シンデレラガールズ,アイマス、デレマス,
片想い,miwa,,J-POP,
放課後ディストラクション,やくしまるえつこ,ハイスコアガール,アニソン,
放課後ポニーテール,れみ・えり from STAR☆ANIS,アイカツ！,アニソン,
北川謙二,NMB48,,J-POP、アイドル,
僕たちはひとつの光,μ's,ラブライブ！,ラブライブ！,
僕の存在証明,やくしまるえつこ,輪るピングドラム,アニソン,
僕らのLIVE 君とのLIFE,μ's,ラブライブ！,ラブライブ！,
僕らは今のなかで,μ's,ラブライブ！,ラブライブ！,
僕らは青空になる,777☆SISTERS,Tokyo 7th シスターズ,ナナシス,
未来のミュージアム,Perfume,ドラえもん,アニソン,
夢はひそかに,リリー・ジェームズ / 高畑充希 & 城田優,シンデレラ,ディズニー,
夢みる少女じゃいられない,相川七瀬,,J-POP,
夢をのぞいたら,本田未央、北条加蓮、遊佐こずえ、一ノ瀬志希、佐久間まゆ,アイドルマスター シンデレラガールズ,アイマス、デレマス,
夢を叶えてドラえもん,mao,ドラえもん,アニソン,
夢見る15歳,スマイレージ,,ハロプロ、アイドル,
夢幻クライマックス,°C-ute,,ハロプロ、アイドル,
夢咲き After school,放課後クライマックスガールズ,シャイニーカラーズ,アイマス,
夢灯籠,RADWIMPS,君の名は。,邦ロック,
夢日和,島谷ひとみ,映画ドラえもん のび太のワンニャン時空伝,アニソン,
夢路らびりんす,らびりんず,うらら迷路帖,アニソン,
無限L∞PだLOVE♡,多田李衣菜、五十嵐響子、三村かな子,アイドルマスター シンデレラガールズ,アイマス、デレマス,
無重力シャトル,安部菜々、城ヶ崎莉嘉、新田美波、相葉夕美、多田李衣菜,アイドルマスター シンデレラガールズ,アイマス、デレマス,
命燃やして恋せよ乙女,宵乙女,アイドルマスター シンデレラガールズ,アイマス、デレマス,
明日また会えるよね,Lipps (一ノ瀬志希、塩見周子、速水奏、宮本フレデリカ、城ヶ崎美嘉),アイドルマスター シンデレラガールズ,アイマス、デレマス,
明日も,SHISHAMO,,J-POP、邦ロック,
明日晴れるかな,桑田佳祐,プロポーズ大作戦,ドラマ、J-POP,
迷子犬と雨のビート,ASIAN KUNG-FU GENERATION,四畳半神話大系,邦ロック,
面影ワープ,nano.RIPE,花咲くいろは,邦ロック、アニソン,
面影ワープ,nano.RIPE,花咲くいろは,アニソン,
猛烈宇宙交響曲・第七楽章「無限の愛」,ももいろクローバーZ,,J-POP、アイドル,
夜に駆ける,YOASOBI,,J-POP,
夜勤の戦士のテーマ,上坂すみれ,,声優,
夜明けのオレンジ,ポルカドットスティングレイ,,邦ロック,
野菜シスターズ,AKB48,,J-POP、アイドル,
約束の絆,妖夢討伐隊,境界の彼方,アニソン,
優しい彗星,YOASOBI,BEASTARS,アニソン,
友情ノーチェンジ,μ's,ラブライブ！,ラブライブ！,
憂、燦々,クリープハイプ,,邦ロック,
有頂天,ポルカドットスティングレイ,,邦ロック,
有頂天LOVE,スマイレージ,,ハロプロ、アイドル,
夕映えプレゼント,CINDERELLA PROJECT,アイドルマスター シンデレラガールズ,アイマス、デレマス,
夕景イェスタデイ,じん,,ボカロ,
踊り子,Vaundy,,J-POP,
踊れ!きゅーきょく哲学,上坂すみれ,アホガール,声優,
裸の勇者,Vaundy,王様ランキング,アニソン,
来たれ!暁の同志,上坂すみれ,,声優,
裏の裏,パスピエ,境界のRINNE,邦ロック、アニソン,
裏の裏,パスピエ,境界のRINNE,アニソン,
立ち位置ゼロ番！順位は一番！,スマートファルコン (CV.大和田仁美),ウマ娘 プリティーダービー,ウマ娘,
流星キセキ,ニュージェネレーションズ,アイドルマスター シンデレラガールズ,アイマス、デレマス,
流星のくちづけ,9nine,,J-POP、アイドル,
淋しい熱帯魚,Wink,,J-POP,
涙サプライズ！,AKB48,,J-POP、アイドル,
恋☆カナ,月島きらり starring 久住小春,きらりん☆レボリューション,ハロプロ、アイドル,
恋して♡愛して♡養って♡,ミオヤマザキ,,J-POP,
恋するフォーンチューンクッキー,AKB48,,J-POP、アイドル,
恋する図形(cubic futurismo),上坂すみれ,この美術部には問題がある!,声優,
恋のHamburg♪,島村卯月 (CV: 大橋彩香),アイドルマスター シンデレラガールズ,アイマス、デレマス,
恋のRung Rung パラダイス,THE ポッシボー,,ハロプロ、アイドル,
恋のクラウチングスタート,OCHA NORMA,,ハロプロ、アイドル,
恋のスーパーボール,aiko,,J-POP,
恋のビギナーなんです(T_T),山口理恵,これはゾンビですか?,アニソン,
恋の魔法はハビビよビ！,月島きらり starring 久住小春,きらりん☆レボリューション,ハロプロ、アイドル,
恋は渾沌の隷也,後ろから這いより隊G,這いよれ! ニャル子さんW,アニソン,
恋をしたのは,aiko,聲の形,アニソン,
恋愛裁判,40mP,,ボカロ,
恋愛脳,ナナヲアカリ,Engage Kiss,アニソン,
恋色エナジー,中野有香 (CV: 下地紫野),アイドルマスター シンデレラガールズ,アイマス、デレマス,
恋人失格,コレサワ,,J-POP,
惑星ループ,ナユタン星人,,ボカロ,
栞,クリープハイプ,,邦ロック,
筐体哀歌,上坂すみれ,,声優,
贅沢ないいわけ,パスピエ,,邦ロック,
閻魔大王に訊いてごらん,上坂すみれ,鬼灯の冷徹,声優,
내꺼야 (PICK ME),IZ*ONE,PRODUCE 48,K-POP,
라비앙로즈 (La Vie en Rose),IZ*ONE,,K-POP,
반해버리잖아? (好きになっちゃうだろう？),IZ*ONE,PRODUCE 48,K-POP,
아름다운 색 Colors,IZ*ONE,,K-POP,
하늘 위로 Up,IZ*ONE,,K-POP,
オオカミハート,oresama,オオカミ少女と黒王子,アニソン、J-POP,
ドラマチック,oresama,,J-POP,
butterfly,木村カエラ,,J-POP,
ボクにインビテーション,JP,しろくまカフェ,アニソン,
Rough&Laugh,クラムボン,しろくまカフェ,アニソン,
You&Me,紗希,しろくまカフェ,アニソン,
Bamboo・Scramble,パンダくん (CV.福山潤),しろくまカフェ,アニソン,
グリズリーさんのG★ROCK,グリズリーさん (CV.中村悠一),しろくまカフェ,アニソン,
みずいろ,笹子さん (CV.遠藤綾),しろくまカフェ,アニソン,
ZOOっと、ね♪,常勤パンダさん (CV.小西克幸),しろくまカフェ,アニソン,
みちのく飼育ブルース,半田さん (CV.羽多野渉),しろくまカフェ,アニソン,
ぞっこん! ペン子さん,ペンギンさん (CV.神谷浩史),しろくまカフェ,アニソン,
気ままに パンダママ♥,パンダママ (CV.森川智之),しろくまカフェ,アニソン,
ラマさんのラママンボ,ラマさん (CV.小野大輔),しろくまカフェ,アニソン,
バンブー・ランデヴー♥,メイメイ (CV.花澤香菜),しろくまカフェ,アニソン,
PANDAHOLIC!!,リンリン (CV.孝賀寛之),しろくまカフェ,アニソン,
My Dear,しろくまさん (CV.櫻井孝宏),しろくまカフェ,アニソン,
侵略ノススメ☆,ULTRA-PRISM with イカ娘,侵略!イカ娘,アニソン,
HIGH POWERED,スフィア,侵略!?イカ娘,アニソン,
メタメリズム,伊藤かな恵,侵略!イカ娘,アニソン,
君を知ること,イカ娘 (CV.金元寿子),侵略!イカ娘,アニソン,
これが海への愛じゃなイカ!,イカ娘 (CV.金元寿子),侵略!イカ娘,アニソン,
イ・カ・ア・イ・ス 食 べ な イ カ?,イカ娘 (CV.金元寿子),侵略!イカ娘,アニソン,
GO-GO たまごっち,ならゆりあ,たまごっち!,アニソン,
雨上がりのミライ,ミルキィホームズ,探偵オペラ ミルキィホームズ,アニソン,
ナゾ!ナゾ?Happiness‼︎,ミルキィホームズ,探偵オペラ ミルキィホームズ,アニソン,
ミルキィ100ワールド,ミルキィホームズ,フューチャーカード バディファイト100,アニソン,
みるみるUPっぷ↑↑,ミルキィホームズ,探偵オペラ ミルキィホームズ,アニソン,
本能のDOUBT,飛蘭,探偵オペラ ミルキィホームズ,アニソン,
Lovely Girls Anthem,麻生夏子,探偵オペラ ミルキィホームズ ,アニソン,
エウレカベイビー,麻生夏子,バカとテストと召喚獣にっ!,アニソン,
More-more LOVERS!!,麻生夏子,えむえむっ!,アニソン,
INSIDE IDENTITY,Black Raison d'être,中二病でも恋がしたい！,アニソン,
ラムのラブソング,松谷祐子,うる星やつら,アニソン,
ROCK OVER JAPAN,トリプルH,輪るピングドラム,アニソン,
キラキラの灰,リーガルリリー,ダンジョン飯,アニソン,
アイウエ,"MAISONdes feat. 美波, SAKURAmoti",うる星やつら,アニソン,
アイワナムチュー,"MAISONdes feat. asmi, すりぃ",うる星やつら,アニソン,
決意の朝に,Aqua Timez,ブレイブ ストーリー,邦ロック,
虹,Aqua Timez,ごくせん,邦ロック,
クロノスタシス,BUMP OF CHICKEN,名探偵コナン ハロウィンの花嫁,邦ロック,
departure!,小野正利,HUNTER×HUNTER,アニソン,
お料理行進曲,YUKA,キテレツ大百科,アニソン,
すいみん不足,CHICKS,キテレツ大百科,アニソン,
はじめてのチュウ,あんしんパパ,キテレツ大百科,アニソン,
オトノナルホウヘ→,Goose house,銀の匙 Silver Spoon,J-POP,
ドラマチックマーケットライド,北白川たまこ (CV.洲崎綾),たまこまーけっと,アニソン,
ねぐせ,北白川たまこ (CV.洲崎綾),たまこまーけっと,アニソン,
こいのうた,北白川たまこ (CV.洲崎綾),たまこラブストーリー,アニソン,
私がフラグを立てる理由,YELL,彼女がフラグをおられたら,アニメ,
神サマといっしょ！,繭（CV.戸松遥）&柚子（CV.堀江由衣）,猫神やおよろず,アニソン,
ウラオモテフォーチュン,佐倉千代（CV.小澤亜李）,月刊少女野崎くん,アニソン,
IGNITE,藍井エイル,ソードアート・オンラインII,アニソン,
迷惑スペクタクル,横井るみ（CV.花澤香菜）,となりの関くん,アニソン,
地獄の沙汰も君次第,地獄の沙汰オールスターズ,鬼灯の冷徹,アニソン,
大!地獄地獄節,地獄の沙汰オールスターズ,鬼灯の冷徹,アニソン,
拝啓、地獄より,地獄の沙汰オールスターズ,鬼灯の冷徹,アニソン,
ニメンセイ☆ウラオモテライフ！,土間うまる（CV.田中あいみ）,干物妹！うまるちゃんR,アニソン,
うまるん体操,妹S（シスターズ）,干物妹！うまるちゃんR,アニソン,
愛は太陽じゃない？,高坂穂乃果（CV.新田恵海）,ラブライブ！,ラブライブ！,
恋のシグナルRin rin rin！,星空凛（CV.飯田里穂）,ラブライブ！,ラブライブ！,
Mermaid festa vol.2 ~ Passionate ~,高坂穂乃果（CV.新田恵海）&星空凛（CV.飯田里穂）,ラブライブ！,ラブライブ！,
乙女式れんあい塾,矢澤にこ（CV.徳井青空）&東條希（CV.楠田亜衣奈）,ラブライブ！,ラブライブ！,
まほうつかいはじめました！,矢澤にこ（CV.徳井青空）,ラブライブ！,ラブライブ！,
告白日和、です！,南ことり（CV.内田彩）&小泉花陽（CV.久保ユリカ）,ラブライブ！,ラブライブ！,
ぶる〜べりぃ♥とれいん,南ことり（CV.内田彩）,ラブライブ！,ラブライブ！,
孤独な Heaven,小泉花陽（CV.久保ユリカ）,ラブライブ！,ラブライブ！,
soldier game,西木野真姫（CV.Pile）&園田海未（CV.三森すずこ）&絢瀬絵里（CV.南條愛乃）,ラブライブ！,ラブライブ！,
Daring!!,西木野真姫（CV.Pile）,ラブライブ！,ラブライブ！,
勇気のReason,園田海未（CV.三森すずこ）,ラブライブ！,ラブライブ！,
ありふれた悲しみの果て,絢瀬絵里（CV.南條愛乃）,ラブライブ！,ラブライブ！,
Love wing bell,星空凛（CV.飯田里穂）、西木野真姫（CV.Pile）、小泉花陽（CV.久保ユリカ）、絢瀬絵里（CV.南條愛乃）、東條希（CV.楠田亜衣奈）、矢澤にこ（CV.徳井青空）,ラブライブ！,ラブライブ！,
Hello，星を数えて,星空凛（CV.飯田里穂）&西木野真姫（CV.Pile）&小泉花陽（CV.久保ユリカ）,ラブライブ！,ラブライブ！,
コットンキャンディーえいえいおー！,黒澤ルビィ（CV.降幡愛）,ラブライブ！サンシャイン!!,ラブライブ！,
ポーカーフェイス,ミス・モノクローム（CV.堀江由衣）,ミス・モノクローム -The Animation-,アニソン,
シュワシュワBABY,ピュリティ,プリティーリズム・ディアマイフューチャー,アニソン,
Recall THE END,TRUSTRICK,ダンガンロンパ3 -The End of 希望ヶ峰学園- 未来編,アニソン,
絶対希望バースデー,狛枝凪斗（CV.緒方恵美）,ダンガンロンパ3 -The End of 希望ヶ峰学園- 絶望編,アニソン,
うたたねサンシャイン,Unlimited tone,田中くんはいつもけだるげ,アニソン,
トモダチメートル,The Super Ball,不機嫌なモノノケ庵,アニソン,
名前を呼ぶよ,ラックライフ,文豪ストレイドッグス,アニソン,
平行線,さユり,クズの本懐,邦ロック,
オリジナル。,TrySail,亜人ちゃんは語りたい,アニソン,
フェアリーテイル,三月のパンタシア,亜人ちゃんは語りたい,アニソン,
モテたいのー,由比ヶ浜結衣（CV.東山奈央）,やはり俺の青春ラブコメはまちがっている。続,アニソン,
DADDY! DADDY! DO!,鈴木雅之 feat. 鈴木愛理,かぐや様は告らせたい？〜天才たちの恋愛頭脳戦〜,J-POP,
Giri Giri,鈴木雅之 feat. すぅ,かぐや様は告らせたい-ウルトラロマンティック-,J-POP,
ラブ・ドラマティック,鈴木雅之 feat. 伊原六花,かぐや様は告らせたい〜天才たちの恋愛頭脳戦〜,J-POP,
センチメンタルクライシス,halca,かぐや様は告らせたい〜天才たちの恋愛頭脳戦〜,アニソン,
ハートはお手上げ,鈴木愛理,かぐや様は告らせたい-ウルトラロマンティック-,J-POP,
燦燦デイズと,スピラ・スピカ,その着せ替え人形は恋をする,アニソン,
アオとキラメキ,学園のアイドル,,アニメ,
恋ノ行方,あかせあかり,その着せ替え人形は恋をする,J-POP,
きらっとプリ☆チャン,"Run Girls, Run!",キラッとプリ☆チャン,アニソン,
ずっとChamJam,ChamJam,推しが武道館いってくれたら死ぬ,アニソン、アイドル,
Clover Wish,ChamJam,推しが武道館いってくれたら死ぬ,アニソン、アイドル,
暦の上ではディセンバー,アメ横女学園芸能コース,連続テレビ小説「あまちゃん」,J-POP,
潮騒のメモリー,天野春子（小泉今日子）,連続テレビ小説「あまちゃん」,J-POP,
The Girls Are Alright!,sayuri,宇宙よりも遠い場所,アニソン,
ここから、ここから,玉木マリ（CV.水瀬いのり）、小淵沢報瀬（CV.花澤香菜）、三宅日向（CV.井口裕香）、白石結月（CV.早見沙織）,宇宙よりも遠い場所,アニソン,
徒花ネクロマンシー,フランシュシュ,ゾンビランドサガ,アニソン,
Duet♥してくださいΨ,斉木楠雄（CV.神谷浩史）&照橋心美（CV.茅野愛衣）,斉木楠雄のΨ難,アニソン,
ゴクドルミュージック,ゴクドルズ虹組,Back Street Girls -ゴクドルズ-,アニソン,
恋して♡愛して♡養って♡,由比ヶ浜結衣（CV.東山奈央）,やはり俺の青春ラブコメはまちがっている。完,アニメ,
Rage on,OLDCODEX,Free!,アニソン,
SPLASH FREE,STYLE FIVE,Free!,アニソン,
POPPY PAPPY DAY,ポプ子（CV.赤羽根健治／武内駿輔 他）、ピピ美（CV.財津一郎／大塚芳忠 他）,ポプテピピック,アニソン,
Twinkling star,星降そそぐ（CV.小倉唯）,ポプテピピック,アニソン,
カワウソイヤァ,新星玲央（CV.木村昴）、阿久津真武（CV.細谷佳樹）,さらざんまい,アニソン,
さらざんまいのうた,矢逆一稀（CV.村瀬歩）、久慈悠（CV.内山昂輝）、陣内燕太（CV.堀江瞬）,さらざんまい,アニソン,
放課後カッパー,吾妻サラ（CV.帝子）,さらざんまい,アニメ,
まっさら,KANA-BOON,さらざんまい,邦ロック、アニソン,
スタンドバイミー,the peggies,さらざんまい,邦ロック,
99,MOB CHOIR,モブサイコ100,アニソン,
リフレインボーイ,ALL OFF,モブサイコ100,邦ロック、アニソン,
快眠！安眠！スヤリスト,スヤリス姫（CV.水瀬いのり）,魔王城でおやすみ,アニソン,
もっと！もっと！かいけつゾロリ,ゾロリ（CV.山寺宏一）,もっと！まじめにふまじめ かいけつゾロリ,アニソン,
ハッスル,山寺宏一,かいけつゾロリ,アニソン,
あじゃぱー,ゾロリ（CV.山寺宏一）with イシシ（CV.愛河里花子）、ノシシ（CV.くまいもとこ）,かいけつゾロリ,アニソン,
ゼッコーチョー!,山寺宏一,かいけつゾロリ,アニソン,
ママの子守唄,ゾロリ（CV.山寺宏一） / ゾロリーヌ（CV.玉川紗己子）,かいけつゾロリ,アニソン,
ZORORO ROCK!!!,ヤバイTシャツ屋さん,かいけつゾロリ,邦ロック、アニソン,
ハッピーウエディング前ソング,ヤバイTシャツ屋さん,,邦ロック,
チューリングラブ,ナナヲアカリ feat. Sou,理系が恋に落ちたので証明してみた。,アニソン,
喜劇,星野源,SPY×FAMILY,J-POP、アニソン,
SOUVENIR,BUMP OF CHICKEN,SPY×FAMILY,邦ロック、アニソン,
色彩,yama,SPY×FAMILY,J-POP、アニソン,
ここで息をして,eill,東京リベンジャーズ,J-POP、アニソン,
ミッション！健・康・第・イチ,赤血球（CV.花澤香菜）・白血球（CV.前野智昭）,はたらく細胞,アニソン,
cheers,ClariS,はたらく細胞,アニソン,
パジャマパーティーズのうた,パジャマパーティーズ,ちいかわ,アニソン,
ひとりごつ,ハチワレ（CV.田中誠人）,ちいかわ,アニソン,
番輝く星,アーリャ（CV：上坂すみれ）,時々ボソッとロシア語でデレる隣のアーリャさん,アニソン,
カチューシャ,ノンナ（CV：上坂すみれ）,ガールズ＆パンツァー,アニソン,
キャラメル桃ジャム 120%,ピーチ・マキ（CV：上坂すみれ）,鬼灯の冷徹,アニソン,
シナヤカナミライ,渡辺さらさ（CV：千本木彩花）×奈良田愛（CV：花守ゆみり）,かげきしょうじょ!!,アニソン,
虹の彼方,上坂すみれ(ホワン・ユイ),新サクラ大戦,アニメ,
吹雪,吹雪（CV：上坂すみれ）,艦隊これくしょん -艦これ-,アニソン,
ラムのラブソング,松谷祐子　,うる星やつら,アニソン,
流星舞台,天童院椿（CV：上坂すみれ）,ツキウタ。,アニソン,
change,nonoc,ハコヅメ〜交番女子の逆襲〜,アニソン,
知らなきゃ,安月名莉子,ハコヅメ〜交番女子の逆襲〜,アニソン,
チキチキバンバン,QUEENDOM,パリピ孔明,アニソン,
気分上上↑↑,EIKO starring 96猫、諸葛孔明(CV.置鮎龍太郎) 他,パリピ孔明,アニソン,
星座になれたら,結束バンド,ぼっち・ざ・ろっく！,アニソン,
ギターと孤独と蒼い惑星,結束バンド,ぼっち・ざ・ろっく！,アニソン,
青春コンプレックス,結束バンド,ぼっち・ざ・ろっく！,アニソン,
なにが悪い,結束バンド,ぼっち・ざ・ろっく！,アニソン,
堕天,Creepy Nuts,よふかしのうた,ヒップホップ,
JUNGLE FIRE (feat. MOTSU),芹澤優,MFゴースト,アニソン,
ROCK ME KISS ME feat. MOTSU,芹澤優,MFゴースト Season2,アニソン,
大大大大大好きな君へ♡,花園羽香里（CV：本渡楓）他,君のことが大大大大大好きな100人の彼女,アニソン,
Pray Pray Pray,甘神三姉妹(CV.上坂すみれ、CV.本渡楓、CV.若山詩音) ,甘神さんちの縁結び,アニソン,
プランA,DISH//,逃げ上手の若君,邦ロック,
sesame,Kroi,ぶっちぎり？！,邦ロック,
crazy for you,Kylee,,J-POP,
skirt,aiko,アポカリプスホテル,J-POP,
ときはなて！,はしメロ,ウィッチウォッチ,アニソン,
サマータイムゴースト,水曜日のカンパネラ,,J-POP,
"化けの皮 feat. こぼ・かなえる, 重音テト, Giga & TeddyLoid",MAISONdes,グノーシア,ゲーム,
希望の宇宙の・・・,うえだゆうじ,ギャグマンガ日和,アニソン,
BOW AND ARROW,米津玄師,メダリスト,J-POP,
MAD HEAD LOVE,米津玄師,,J-POP,
アタシのドレス,ねぐせ。,メダリスト,邦ロック,
動く、動く,チト（CV：水瀬いのり）、ユーリ（CV：久保ユリカ）,少女終末旅行,アニソン,
炎,LiSA,劇場版「鬼滅の刃」無限列車編,アニソン,
残響散歌,Aimer,TVアニメ「鬼滅の刃」遊郭編,アニソン,
オトノケ,Creepy Nuts,ダンダダン,ヒップホップ,
革命道中,アイナ・ジ・エンド,ダンダダン,アニソン,
TAIDADA,ずっと真夜中でいいのに。,ダンダダン,邦ロック,
君は天然色,大滝詠一,かくしごと,昭和,
メロウ,須田景凪,スキップとローファー,アニソン,
ソングオブザ・デッド,KANA-BOON,ゾン100〜ゾンビになるまでにしたい100のこと〜,アニソン,
"アイタリナイ feat. yama, ニト。",MAISONdes,うる星やつら,アニソン,
カニ☆Do-Luck!,あいうら scientists（中島唯、飯田友子、田村奈央）,あいうら,アニソン,
恋愛したいっ！,藤崎紘里（CV：徳井青空）,恋愛ラボ,アニソン,
輪！moon dess cry,田中望（CV：赤﨑千夏）、菊池茜（CV：戸松遥）、鷺宮しおり（CV：豊崎愛生）,女子高生の無駄遣い,アニソン,
青春のリバーブ,田中望（CV：赤﨑千夏）、菊池茜（CV：戸松遥）、鷺宮しおり（CV：豊崎愛生）,女子高生の無駄遣い,アニソン,
カナリヤ,in NO hurry to shout;,覆面系ノイズ,アニソン,
ハイスクール,in NO hurry to shout;,覆面系ノイズ,アニソン,
Kawaii Kaiwai,PiKi,その着せ替え人形は恋をする,アニソン,
超常恋現象,ミステリーキッス,オッドタクシー,アニソン,
波間にKISS,ミステリーキッス,オッドタクシー,アニソン,
